provincia,sector,promovidos_8,promovidos_9,promovidos_10,promovidos_11,promovidos_12,promovidos_1314,nopromo_8,nopromo_9,nopromo_10,nopromo_11,nopromo_12,nopromo_1314,secundaria_egresados
Buenos Aires,Estatal,73,66,67,42,51,0,20,17,13,9,19,0,73
Buenos Aires,Estatal,193,166,148,179,121,7,91,74,40,16,52,0,164
Buenos Aires,Privado,75,56,63,60,53,0,7,7,5,5,26,0,69
Buenos Aires,Estatal,93,89,56,53,51,2,5,2,7,1,15,0,66
Buenos Aires,Estatal,334,266,262,247,203,31,128,94,80,36,37,1,306
Buenos Aires,Privado,110,112,85,90,85,0,2,1,1,4,5,0,114
Buenos Aires,Estatal,27,27,22,20,29,0,5,3,4,2,3,0,35
Buenos Aires,Estatal,121,105,85,88,70,4,19,13,21,5,23,4,97
Buenos Aires,Estatal,31,29,28,19,22,0,3,1,3,0,0,0,27
Buenos Aires,Estatal,30,34,30,26,28,2,2,9,17,6,6,2,39
Buenos Aires,Estatal,18,12,9,14,11,5,18,15,13,5,6,0,25
Buenos Aires,Estatal,71,77,58,42,53,3,8,8,15,5,4,1,58
Buenos Aires,Estatal,2901,2452,2520,2055,1816,64,1780,1137,1129,759,890,116,2566
Buenos Aires,Privado,2171,2108,1841,1881,1483,11,288,195,196,127,536,18,2112
Buenos Aires,Estatal,12,13,5,12,13,0,10,6,3,1,3,0,15
Buenos Aires,Estatal,222,194,111,119,86,60,244,145,132,62,63,4,140
Buenos Aires,Estatal,2014,1709,1424,1205,945,177,1418,892,885,501,649,53,1387
Buenos Aires,Privado,1240,1147,968,886,873,0,262,165,122,95,280,0,1263
Buenos Aires,Estatal,22,19,10,12,18,0,3,0,1,4,0,0,18
Buenos Aires,Estatal,208,179,168,126,107,14,38,54,33,30,29,5,141
Buenos Aires,Estatal,30,30,18,12,6,1,3,2,0,1,0,0,9
Buenos Aires,Estatal,472,419,402,301,259,11,182,101,93,54,79,6,321
Buenos Aires,Privado,293,258,239,228,150,0,24,26,27,2,51,0,222
Buenos Aires,Estatal,0,0,0,0,0,0,0,0,0,0,0,0,0
Buenos Aires,Estatal,1596,1487,1316,1169,1071,139,1012,663,591,377,463,54,1452
Buenos Aires,Privado,902,850,713,677,680,12,98,92,105,58,139,22,906
Buenos Aires,Estatal,25,38,16,16,9,0,9,11,4,2,3,0,15
Buenos Aires,Estatal,434,394,360,313,252,35,123,59,82,19,77,4,292
Buenos Aires,Privado,30,33,51,36,42,2,5,8,5,3,22,0,67
Buenos Aires,Privado,33,34,27,34,23,0,0,1,0,0,5,0,31
Buenos Aires,Estatal,52,39,62,26,19,3,12,5,8,2,5,0,24
Buenos Aires,Estatal,231,193,160,168,120,41,119,76,82,49,41,14,183
Buenos Aires,Privado,100,97,88,78,93,0,1,4,7,3,4,0,107
Buenos Aires,Estatal,17,16,15,11,2,0,2,2,5,2,1,0,6
Buenos Aires,Estatal,146,137,113,108,70,23,69,84,45,26,38,6,114
Buenos Aires,Estatal,2442,2137,1857,1570,1318,169,1057,732,896,546,798,128,1810
Buenos Aires,Privado,1364,1178,1047,1112,978,23,214,151,167,88,395,16,1403
Buenos Aires,Estatal,812,634,548,478,438,59,483,239,219,132,92,22,511
Buenos Aires,Privado,217,199,175,151,157,0,19,17,22,5,40,0,204
Buenos Aires,Estatal,39,31,26,15,17,0,4,5,1,2,2,0,23
Buenos Aires,Estatal,175,163,152,131,87,18,109,61,85,35,74,11,128
Buenos Aires,Privado,42,40,51,56,31,0,5,7,7,1,20,0,49
Buenos Aires,Estatal,29,28,16,14,18,0,7,5,9,3,7,0,22
Buenos Aires,Estatal,257,240,191,211,162,18,98,75,33,28,64,0,245
Buenos Aires,Privado,100,86,71,66,69,0,19,15,4,2,12,0,103
Buenos Aires,Estatal,53,56,50,37,43,3,10,10,2,3,3,1,48
Buenos Aires,Estatal,296,280,213,162,141,29,44,31,49,33,36,18,212
Buenos Aires,Privado,63,57,48,58,57,0,1,1,1,1,3,0,87
Buenos Aires,Estatal,68,47,51,38,31,4,34,17,14,9,8,0,48
Buenos Aires,Estatal,638,523,435,338,264,10,317,201,212,109,75,51,399
Buenos Aires,Privado,163,168,150,107,94,0,25,6,16,14,36,0,145
Buenos Aires,Estatal,37,32,25,24,25,15,27,10,9,9,13,7,63
Buenos Aires,Estatal,770,704,620,516,487,58,408,333,277,177,184,14,719
Buenos Aires,Privado,255,237,203,204,222,0,8,5,11,9,9,0,271
Buenos Aires,Estatal,3,2,7,4,1,0,2,1,2,2,0,0,6
Buenos Aires,Estatal,129,108,113,92,74,3,40,29,44,12,41,2,103
Buenos Aires,Estatal,38,43,26,28,22,0,16,6,9,7,9,0,28
Buenos Aires,Estatal,163,131,111,122,131,7,64,65,49,27,14,0,136
Buenos Aires,Estatal,25,33,21,22,15,0,3,10,2,1,4,0,19
Buenos Aires,Estatal,79,56,56,44,42,3,40,16,24,4,5,0,59
Buenos Aires,Estatal,16,6,8,8,6,0,3,0,0,1,0,0,6
Buenos Aires,Estatal,190,140,134,116,95,5,47,29,20,12,5,1,135
Buenos Aires,Estatal,0,0,0,0,0,0,0,0,0,0,0,0,0
Buenos Aires,Estatal,86,60,60,52,42,0,9,25,12,1,31,0,59
Buenos Aires,Estatal,22,21,11,12,11,0,4,1,2,0,0,0,11
Buenos Aires,Estatal,484,447,348,373,329,21,80,41,48,21,29,6,366
Buenos Aires,Privado,68,52,57,61,50,0,9,3,1,3,2,0,65
Buenos Aires,Estatal,337,260,220,210,161,68,93,97,98,34,67,5,233
Buenos Aires,Privado,129,118,125,116,101,0,11,3,8,6,35,0,113
Buenos Aires,Estatal,15,17,18,19,8,0,6,3,3,0,1,10,11
Buenos Aires,Estatal,476,484,403,294,275,22,187,128,102,41,48,8,350
Buenos Aires,Privado,160,151,128,147,144,0,4,5,2,7,5,0,188
Buenos Aires,Estatal,15,3,6,7,13,0,4,3,1,2,0,0,13
Buenos Aires,Estatal,166,151,133,125,112,6,54,46,45,15,8,0,121
Buenos Aires,Privado,113,104,92,65,79,0,7,16,9,0,9,0,90
Buenos Aires,Estatal,41,33,19,28,30,14,19,3,3,4,2,0,47
Buenos Aires,Estatal,549,513,410,420,345,39,156,90,94,87,112,20,420
Buenos Aires,Privado,131,117,122,102,111,51,14,3,4,6,11,0,175
Buenos Aires,Estatal,26,18,14,17,11,0,3,5,3,1,8,0,18
Buenos Aires,Estatal,76,67,44,51,47,17,16,22,17,3,5,1,66
Buenos Aires,Privado,31,42,48,45,46,14,1,2,8,2,0,0,67
Buenos Aires,Estatal,0,0,0,0,0,0,0,0,0,0,0,0,0
Buenos Aires,Estatal,132,139,88,87,104,22,17,18,17,13,12,0,120
Buenos Aires,Estatal,20,23,26,23,27,0,13,8,8,2,4,0,33
Buenos Aires,Estatal,354,269,236,225,209,21,82,78,46,16,37,1,249
Buenos Aires,Privado,87,86,65,82,61,0,11,4,3,1,1,0,96
Buenos Aires,Estatal,28,33,17,18,28,0,3,7,4,6,4,0,29
Buenos Aires,Estatal,119,83,71,93,71,18,24,21,21,4,30,0,113
Buenos Aires,Estatal,10,8,3,9,2,10,5,0,8,1,0,0,16
Buenos Aires,Estatal,223,197,204,201,145,7,54,47,56,30,61,0,222
Buenos Aires,Estatal,55,60,30,27,16,0,29,27,18,6,7,0,20
Buenos Aires,Estatal,79,97,95,82,87,0,47,19,18,9,17,0,125
Buenos Aires,Privado,512,450,396,369,332,58,130,74,64,36,122,14,527
Buenos Aires,Privado,1244,1142,938,975,817,10,103,77,92,43,166,1,1184
Buenos Aires,Estatal,295,259,178,151,143,38,172,127,111,59,26,17,238
Buenos Aires,Privado,110,73,73,61,64,21,23,23,9,11,26,1,119
Buenos Aires,Estatal,1762,1476,1337,1230,1090,422,785,583,463,292,345,21,1514
Buenos Aires,Privado,858,834,658,628,531,2,187,151,147,71,230,5,928
Buenos Aires,Estatal,2411,1962,1716,1472,1003,7,1313,860,962,650,679,14,1609
Buenos Aires,Privado,892,777,799,682,601,15,99,72,54,26,222,1,851
Buenos Aires,Estatal,47,50,65,52,40,2,23,20,21,7,8,0,69
Buenos Aires,Estatal,141,112,87,68,89,10,104,59,67,28,31,3,114
Buenos Aires,Privado,77,89,110,90,62,0,39,34,31,12,38,0,99
Buenos Aires,Estatal,1447,1226,1002,1009,704,54,675,422,497,260,419,5,1002
Buenos Aires,Privado,590,562,489,433,326,45,84,51,60,28,139,1,447
Buenos Aires,Estatal,89,64,69,38,35,3,50,50,31,15,20,5,54
Buenos Aires,Estatal,3058,2512,2149,1764,1526,94,1604,1092,1087,597,806,49,2249
Buenos Aires,Privado,1374,1227,1188,1077,883,29,207,181,144,69,322,12,1289
Buenos Aires,Estatal,13,9,4,4,2,2,3,3,4,4,0,0,9
Buenos Aires,Estatal,59,54,63,60,40,0,8,9,7,2,12,0,43
Buenos Aires,Estatal,8,12,6,4,4,0,8,3,1,0,0,0,0
Buenos Aires,Estatal,230,209,171,153,114,35,107,77,73,17,69,10,160
Buenos Aires,Privado,186,173,120,130,117,0,33,24,47,6,81,0,183
Buenos Aires,Estatal,28,32,18,2,5,0,5,3,1,0,1,0,5
Buenos Aires,Estatal,27,61,41,28,20,0,31,15,13,6,0,0,59
Buenos Aires,Estatal,10,7,4,3,6,0,0,0,0,0,0,0,6
Buenos Aires,Estatal,86,95,76,58,53,0,25,25,8,7,8,0,73
Buenos Aires,Privado,65,65,54,41,39,0,1,5,3,2,2,0,64
Buenos Aires,Estatal,23,21,14,18,6,0,3,3,14,0,10,0,9
Buenos Aires,Estatal,104,78,92,72,75,4,49,42,27,20,37,2,79
Buenos Aires,Estatal,43,34,42,28,28,5,2,1,5,0,5,0,40
Buenos Aires,Estatal,1,1,4,2,1,0,0,0,0,0,0,0,1
Buenos Aires,Estatal,216,195,165,148,138,35,108,68,68,28,60,0,208
Buenos Aires,Privado,64,52,52,29,34,0,2,1,1,2,0,0,58
Buenos Aires,Estatal,22,29,15,26,14,3,5,9,2,0,10,0,25
Buenos Aires,Estatal,98,90,98,77,77,5,38,23,15,11,14,0,83
Buenos Aires,Estatal,33,18,22,9,8,0,3,1,3,4,0,0,22
Buenos Aires,Estatal,137,112,69,76,89,34,68,46,45,27,1,0,96
Buenos Aires,Estatal,55,37,30,48,31,0,38,16,21,10,2,0,53
Buenos Aires,Estatal,27,17,27,17,21,0,10,5,4,3,0,0,23
Buenos Aires,Estatal,38,15,22,17,15,6,30,26,8,4,1,0,12
Buenos Aires,Estatal,44,35,31,25,26,0,10,7,8,3,3,0,36
Buenos Aires,Estatal,61,55,42,36,31,8,16,14,8,6,6,0,50
Buenos Aires,Estatal,118,91,93,77,61,0,80,47,30,24,31,0,77
Buenos Aires,Estatal,3022,2816,2388,2152,1976,217,1676,1126,1027,511,924,173,2580
Buenos Aires,Privado,2720,2578,2294,2109,1837,40,261,222,189,106,490,4,2581
Buenos Aires,Estatal,43,46,18,12,6,0,15,9,2,0,0,0,13
Buenos Aires,Estatal,1108,864,698,532,387,0,431,289,195,125,143,0,519
Buenos Aires,Privado,257,255,221,156,135,0,82,32,56,32,76,0,249
Buenos Aires,Estatal,1363,1149,1109,1004,837,111,861,611,571,296,363,49,1208
Buenos Aires,Privado,1500,1420,1237,1149,986,60,227,145,210,98,381,42,1748
Buenos Aires,Estatal,17,15,12,11,8,5,5,6,2,1,4,3,17
Buenos Aires,Estatal,115,92,83,65,51,10,35,30,19,5,22,7,82
Buenos Aires,Estatal,64,86,64,61,59,5,12,13,10,1,9,0,81
Buenos Aires,Estatal,208,128,90,71,92,7,115,101,62,32,63,0,132
Buenos Aires,Estatal,43,37,29,28,27,3,5,2,1,3,3,0,37
Buenos Aires,Estatal,75,94,73,82,71,0,13,13,5,5,6,0,79
Buenos Aires,Estatal,7,12,6,7,4,2,6,3,0,0,0,0,7
Buenos Aires,Estatal,61,64,50,46,44,0,27,6,5,0,0,0,49
Buenos Aires,Estatal,915,668,632,548,385,71,384,296,318,239,385,51,603
Buenos Aires,Privado,608,560,507,524,465,32,70,67,53,44,111,10,654
Buenos Aires,Estatal,924,794,746,680,427,0,364,270,275,214,292,26,579
Buenos Aires,Privado,767,638,562,546,485,21,74,53,65,28,118,0,695
Buenos Aires,Estatal,1804,1485,1541,1206,965,106,1036,695,648,421,571,31,1376
Buenos Aires,Privado,911,822,666,626,463,0,190,174,147,107,388,0,700
Buenos Aires,Estatal,34,30,31,23,31,0,1,3,3,0,4,0,35
Buenos Aires,Estatal,581,394,401,366,339,40,274,201,184,116,139,3,470
Buenos Aires,Privado,327,312,271,262,247,0,15,12,9,14,27,0,273
Buenos Aires,Estatal,618,565,437,395,419,71,309,238,215,119,202,0,650
Buenos Aires,Privado,173,174,134,114,253,0,11,3,10,7,39,0,460
Buenos Aires,Estatal,9812,8661,7630,6452,5215,356,4367,2873,2712,1772,2826,124,7417
Buenos Aires,Privado,4874,4564,3916,3696,3281,118,676,438,460,339,1266,8,4559
Buenos Aires,Estatal,27,24,23,18,9,0,0,0,0,0,0,0,9
Buenos Aires,Estatal,3815,3251,3203,2621,2563,314,1644,988,966,574,685,46,3495
Buenos Aires,Privado,2307,2141,1869,1723,1727,17,233,144,181,117,355,9,2303
Buenos Aires,Estatal,2239,2011,1658,1366,1186,159,1193,825,858,590,839,127,1894
Buenos Aires,Privado,1620,1502,1261,1181,1075,19,215,193,186,134,431,7,1642
Buenos Aires,Estatal,6,9,2,5,5,0,0,0,0,0,0,0,5
Buenos Aires,Estatal,98,86,88,71,42,10,65,40,20,9,12,3,74
Buenos Aires,Estatal,26,23,9,8,2,8,31,10,3,3,6,1,13
Buenos Aires,Estatal,156,155,113,100,125,15,101,63,40,9,13,0,137
Buenos Aires,Privado,59,51,32,30,37,0,2,2,2,0,12,0,51
Buenos Aires,Estatal,18,7,7,11,9,0,2,2,3,0,6,0,9
Buenos Aires,Estatal,111,86,75,64,62,3,83,30,22,18,26,2,81
Buenos Aires,Estatal,0,0,0,0,0,0,0,0,0,0,0,0,0
Buenos Aires,Estatal,70,62,43,46,37,0,12,10,12,2,13,2,50
Buenos Aires,Estatal,201,158,154,118,102,26,75,69,48,29,61,3,140
Buenos Aires,Privado,185,135,119,123,92,0,19,13,14,3,6,0,150
Buenos Aires,Estatal,81,62,53,58,41,10,25,24,5,8,5,0,57
Buenos Aires,Estatal,94,64,68,48,50,8,48,49,41,27,17,1,78
Buenos Aires,Estatal,57,53,42,40,33,8,20,8,12,5,7,1,39
Buenos Aires,Estatal,262,253,177,168,170,7,149,91,104,34,26,6,199
Buenos Aires,Privado,102,109,104,83,84,0,8,9,3,10,11,0,111
Buenos Aires,Estatal,3786,3099,2685,2351,1779,302,1956,1369,1443,930,1260,66,2891
Buenos Aires,Privado,2908,2688,2334,2248,1958,77,492,418,433,268,914,32,2908
Buenos Aires,Estatal,189,143,96,76,62,0,54,10,8,11,20,0,80
Buenos Aires,Estatal,731,684,654,569,401,117,238,189,142,50,93,0,565
Buenos Aires,Privado,363,359,303,291,295,27,24,13,19,6,17,0,392
Buenos Aires,Estatal,45,29,22,22,28,0,20,13,6,4,5,0,22
Buenos Aires,Estatal,53,34,33,31,155,26,42,23,12,8,27,0,210
Buenos Aires,Estatal,11,4,9,11,7,0,1,0,0,0,3,0,12
Buenos Aires,Estatal,67,45,48,34,39,0,13,13,4,0,4,0,65
Buenos Aires,Estatal,1764,1485,1283,1161,636,44,894,718,608,375,688,59,975
Buenos Aires,Privado,1304,1157,1135,1058,1008,0,237,198,163,97,398,0,1484
Buenos Aires,Estatal,82,98,72,53,52,15,24,8,20,5,13,0,73
Buenos Aires,Estatal,128,147,135,90,120,11,13,7,18,14,12,0,148
Buenos Aires,Estatal,0,0,0,0,0,0,0,0,0,0,0,0,0
Buenos Aires,Estatal,520,376,338,249,211,36,310,163,171,107,54,30,370
Buenos Aires,Privado,179,164,118,77,67,0,13,5,7,3,29,0,127
Buenos Aires,Estatal,44,25,23,16,9,7,27,16,7,4,1,0,15
Buenos Aires,Estatal,278,223,185,165,138,11,331,191,148,82,122,3,221
Buenos Aires,Privado,264,261,226,214,173,0,14,14,16,4,40,0,239
Buenos Aires,Estatal,3906,3292,2701,2365,1822,200,2367,1376,1379,895,1199,126,2758
Buenos Aires,Privado,1365,1281,1145,1087,866,0,214,164,164,67,457,0,1239
Buenos Aires,Estatal,30,18,22,12,20,0,6,5,1,1,0,0,20
Buenos Aires,Estatal,147,147,126,60,74,14,77,41,28,14,38,0,85
Buenos Aires,Privado,108,89,78,87,73,1,0,0,2,0,3,0,85
Buenos Aires,Estatal,68,66,50,43,25,0,27,21,29,9,34,0,32
Buenos Aires,Estatal,4052,3402,2891,2307,1675,209,723,590,614,389,604,79,2536
Buenos Aires,Privado,1495,1466,1295,1286,1025,69,159,141,142,99,358,13,1562
Buenos Aires,Estatal,1534,1374,1306,1209,1000,169,784,509,517,332,449,57,1501
Buenos Aires,Privado,1607,1415,1295,1142,1143,44,209,199,161,92,446,0,1749
Buenos Aires,Estatal,42,23,27,29,33,4,12,2,1,0,2,1,38
Buenos Aires,Estatal,83,69,68,44,43,10,35,20,27,13,20,0,59
Buenos Aires,Privado,56,66,48,44,53,0,9,5,5,0,27,0,67
Buenos Aires,Estatal,52,40,29,21,13,1,17,9,2,2,8,5,23
Buenos Aires,Estatal,555,523,399,359,220,92,410,292,234,94,157,9,402
Buenos Aires,Privado,329,310,259,253,199,0,20,19,14,10,44,0,270
Buenos Aires,Estatal,75,59,47,43,31,3,15,2,6,7,5,0,36
Buenos Aires,Estatal,640,599,526,485,414,73,388,240,219,97,161,13,554
Buenos Aires,Privado,406,366,311,280,323,0,66,62,40,29,64,0,396
Buenos Aires,Estatal,31,23,27,27,19,0,12,3,10,1,4,0,23
Buenos Aires,Estatal,206,178,188,98,121,5,119,82,62,21,32,3,197
Buenos Aires,Privado,46,46,50,49,48,0,10,16,14,10,0,0,83
Buenos Aires,Estatal,62,47,45,42,51,2,19,12,4,1,6,0,55
Buenos Aires,Estatal,338,315,239,223,204,16,104,62,72,26,27,0,307
Buenos Aires,Privado,57,50,48,42,37,0,3,1,0,0,0,0,71
Buenos Aires,Estatal,10,4,4,7,7,6,3,4,2,1,0,0,15
Buenos Aires,Estatal,26,36,34,16,15,0,23,8,5,2,11,0,18
Buenos Aires,Estatal,631,510,444,344,315,48,322,220,146,76,107,1,450
Buenos Aires,Privado,57,58,44,35,46,0,7,10,7,2,12,0,75
Buenos Aires,Privado,211,201,214,207,227,0,26,30,17,9,23,0,299
Buenos Aires,Estatal,0,0,0,0,0,0,0,0,0,0,0,0,0
Buenos Aires,Estatal,57,69,55,43,44,0,0,6,5,0,0,0,44
Buenos Aires,Estatal,2844,2321,2017,1702,1371,155,676,426,398,312,286,29,2090
Buenos Aires,Privado,1895,1638,1593,1505,1247,0,109,104,101,89,315,0,1930
Buenos Aires,Estatal,384,339,280,228,159,17,165,98,89,65,65,25,216
Buenos Aires,Privado,28,27,31,35,26,0,0,1,0,0,1,0,33
Buenos Aires,Estatal,555,513,288,230,157,33,421,305,250,122,163,17,334
Buenos Aires,Privado,261,229,191,166,86,0,45,31,19,16,70,0,149
Buenos Aires,Estatal,35,31,37,43,38,2,0,1,3,2,5,0,44
Buenos Aires,Estatal,41,32,22,29,32,10,22,17,8,3,9,0,31
Buenos Aires,Privado,65,53,62,73,69,7,15,12,11,9,11,0,84
Buenos Aires,Estatal,57,48,48,34,43,9,4,12,0,0,3,0,38
Buenos Aires,Estatal,3470,3096,2606,2302,1827,327,1939,1235,1258,838,729,155,2524
Buenos Aires,Privado,2328,2136,2021,2024,1704,0,340,227,268,179,548,0,2471
Buenos Aires,Estatal,30,33,31,24,18,0,12,7,2,3,10,0,20
Buenos Aires,Estatal,428,336,263,242,222,52,102,99,69,23,38,29,279
Buenos Aires,Estatal,27,30,22,23,11,2,4,5,6,0,6,0,19
Buenos Aires,Estatal,34,31,31,23,33,5,13,3,3,1,0,2,29
Buenos Aires,Estatal,37,36,20,27,21,4,16,8,10,2,7,0,31
Buenos Aires,Estatal,81,81,75,54,49,7,54,20,27,6,31,0,68
Buenos Aires,Privado,83,51,55,42,35,0,5,2,5,4,9,0,49
Buenos Aires,Estatal,34,35,43,29,41,6,9,2,2,1,0,0,44
Buenos Aires,Estatal,175,170,142,124,105,14,60,38,28,13,25,0,114
Buenos Aires,Estatal,20,25,20,25,22,0,16,4,11,7,7,0,26
Buenos Aires,Estatal,91,72,75,78,82,0,4,1,12,9,2,0,108
Buenos Aires,Estatal,29,29,27,25,19,3,11,4,9,1,6,0,28
Buenos Aires,Estatal,110,87,76,59,72,20,29,20,12,3,9,1,88
Buenos Aires,Privado,80,85,71,64,58,0,6,5,8,6,17,0,79
Buenos Aires,Estatal,40,51,29,30,34,8,23,2,9,3,3,0,50
Buenos Aires,Estatal,247,169,175,148,152,62,66,41,37,11,59,0,204
Buenos Aires,Privado,92,92,76,69,58,20,6,8,3,8,18,5,84
Buenos Aires,Estatal,80,67,66,58,64,15,52,32,24,16,2,2,73
Buenos Aires,Estatal,23,26,23,22,34,7,22,14,8,2,0,0,43
Buenos Aires,Estatal,149,152,150,102,96,35,166,85,86,39,11,1,148
Buenos Aires,Privado,99,74,72,74,69,0,10,1,3,2,8,0,83
Buenos Aires,Estatal,40,40,33,27,23,0,15,9,14,5,18,0,25
Buenos Aires,Estatal,158,155,133,96,92,19,87,53,24,14,23,0,124
Buenos Aires,Privado,82,78,89,88,65,0,6,6,2,2,12,0,78
Buenos Aires,Estatal,33,28,24,13,15,3,6,2,1,1,8,0,15
Buenos Aires,Estatal,124,132,78,84,76,25,74,58,38,19,32,0,121
Buenos Aires,Privado,73,84,69,67,62,0,0,1,1,3,12,0,87
Buenos Aires,Estatal,0,0,0,0,0,0,0,0,0,0,0,0,0
Buenos Aires,Estatal,29,30,28,24,7,0,20,7,14,8,9,0,22
Buenos Aires,Estatal,40,45,44,32,22,13,22,9,9,5,5,1,55
Buenos Aires,Estatal,897,780,687,520,468,49,489,369,296,197,189,32,621
Buenos Aires,Privado,702,698,593,518,468,22,77,69,87,56,201,3,720
Buenos Aires,Estatal,622,538,395,370,392,54,533,444,374,236,334,13,611
Buenos Aires,Privado,1776,1633,1452,1417,1334,42,213,198,174,129,498,30,2064
Buenos Aires,Estatal,1426,1084,1081,915,658,54,1037,752,696,382,551,103,1067
Buenos Aires,Privado,1639,1490,1450,1290,1171,0,260,227,181,110,574,0,1820
Buenos Aires,Estatal,0,0,0,0,0,0,0,0,0,0,0,0,0
Buenos Aires,Estatal,786,610,708,388,395,113,477,317,248,182,254,14,578
Buenos Aires,Privado,583,519,512,474,416,39,79,75,45,24,66,21,566
Buenos Aires,Estatal,35,23,17,22,18,0,9,20,26,5,6,0,27
Buenos Aires,Estatal,484,425,434,366,326,27,231,178,182,103,95,5,403
Buenos Aires,Privado,140,127,112,103,101,3,12,3,7,4,16,0,124
Buenos Aires,Estatal,61,47,28,32,17,0,3,1,11,12,8,0,17
Buenos Aires,Estatal,709,645,544,440,271,38,418,243,201,129,153,13,409
Buenos Aires,Privado,134,130,121,112,85,34,7,3,3,3,14,5,151
Buenos Aires,Estatal,7,6,6,4,7,0,2,5,1,0,2,0,9
Buenos Aires,Estatal,32,26,34,19,13,0,56,15,12,4,8,0,19
Buenos Aires,Privado,43,41,40,30,36,0,9,6,5,3,8,0,51
Buenos Aires,Estatal,115,119,94,86,76,30,40,22,13,14,16,3,98
Buenos Aires,Estatal,822,820,670,675,505,85,405,249,257,118,212,42,678
Buenos Aires,Privado,364,344,311,343,356,0,17,18,20,9,22,0,422
Buenos Aires,Estatal,0,0,0,0,3,0,0,0,0,0,0,0,3
Buenos Aires,Estatal,114,122,90,64,76,0,29,19,12,10,7,0,80
Buenos Aires,Estatal,26,23,17,9,2,0,9,0,2,1,3,0,2
Buenos Aires,Estatal,2174,1835,1549,1332,1153,324,1341,845,815,407,645,46,1699
Buenos Aires,Privado,1600,1467,1315,1232,1057,26,185,148,163,72,360,7,1679
Buenos Aires,Estatal,19,10,22,24,7,0,1,1,0,0,2,0,9
Buenos Aires,Estatal,21,24,25,17,12,0,16,12,5,3,8,0,23
Buenos Aires,Estatal,60,59,45,54,45,5,39,46,27,9,17,0,60
Buenos Aires,Estatal,3,3,4,3,5,0,2,1,0,1,0,0,0
Buenos Aires,Estatal,439,401,313,274,206,5,109,74,67,40,74,8,256
Buenos Aires,Privado,116,115,98,96,79,0,9,13,16,1,24,0,133
Buenos Aires,Estatal,39,15,16,16,16,3,12,8,15,7,5,0,24
Buenos Aires,Estatal,261,234,181,140,126,35,141,109,92,46,100,7,249
Buenos Aires,Privado,154,133,126,105,58,0,25,25,11,23,29,0,116
Buenos Aires,Estatal,1262,1053,976,776,595,93,613,473,474,297,403,87,905
Buenos Aires,Privado,1236,1141,1058,1095,984,152,162,126,141,92,262,0,1507
Buenos Aires,Estatal,19,16,7,12,10,4,2,1,2,0,0,0,14
Buenos Aires,Estatal,84,78,71,55,73,31,13,15,6,4,9,1,79
Buenos Aires,Estatal,367,378,372,357,233,36,344,219,274,159,296,40,381
Buenos Aires,Privado,1506,1317,1195,1140,1110,24,151,160,169,93,267,0,1814
Buenos Aires,Estatal,207,163,161,109,115,0,139,79,106,79,56,0,182
Buenos Aires,Privado,133,130,109,84,72,22,30,17,20,30,13,4,147
Buenos Aires,Estatal,41,46,46,40,25,0,22,15,10,1,3,0,28
Buenos Aires,Estatal,267,212,168,180,164,21,178,101,89,35,63,1,226
Buenos Aires,Estatal,51,39,39,51,36,9,15,9,2,2,7,0,64
Buenos Aires,Estatal,970,746,697,554,502,268,361,341,232,119,143,37,760
Buenos Aires,Privado,352,340,307,304,328,14,6,6,10,4,5,0,431
Catamarca,Estatal,35,39,40,44,34,0,15,11,7,3,18,0,49
Catamarca,Estatal,27,25,28,16,23,0,7,5,2,3,7,0,38
Catamarca,Estatal,44,46,37,59,29,0,23,19,10,17,17,0,58
Catamarca,Estatal,88,90,79,77,90,32,55,36,26,14,11,2,178
Catamarca,Estatal,19,17,20,19,7,0,1,0,1,0,9,0,12
Catamarca,Estatal,126,136,68,92,85,0,28,40,30,18,39,0,135
Catamarca,Estatal,105,103,128,102,70,14,40,42,25,20,41,0,137
Catamarca,Estatal,144,121,59,55,43,5,68,60,19,13,32,5,78
Catamarca,Estatal,46,36,56,56,44,0,24,28,15,28,18,0,68
Catamarca,Estatal,751,735,804,776,661,67,772,464,277,143,320,9,1106
Catamarca,Privado,407,379,415,408,410,0,115,126,76,75,194,0,687
Catamarca,Estatal,73,67,54,60,52,0,13,10,3,7,10,0,64
Catamarca,Privado,215,201,194,178,184,0,64,31,26,16,82,0,294
Catamarca,Estatal,18,11,10,2,7,0,7,3,5,2,0,0,7
Catamarca,Estatal,53,53,77,59,42,7,58,40,34,16,12,12,105
Catamarca,Estatal,110,98,101,86,71,0,13,24,19,16,30,0,126
Catamarca,Estatal,91,104,97,87,71,38,94,74,48,58,37,8,122
Catamarca,Estatal,77,98,29,29,39,8,16,1,10,8,14,3,55
Catamarca,Estatal,71,72,50,36,56,0,5,12,2,5,0,0,67
Catamarca,Estatal,66,58,73,85,60,0,7,2,5,6,0,0,68
Catamarca,Estatal,50,69,27,37,44,0,91,62,3,4,5,0,49
Catamarca,Estatal,79,66,97,109,111,13,89,107,103,89,71,15,193
Catamarca,Estatal,87,70,72,67,52,4,39,28,8,5,11,3,85
Catamarca,Estatal,9,8,47,40,26,0,5,3,14,4,9,0,73
Catamarca,Estatal,113,98,98,82,87,0,5,9,6,12,2,0,94
Catamarca,Estatal,219,210,260,182,216,5,36,20,11,10,1,14,221
Catamarca,Estatal,23,22,0,17,10,0,25,13,4,0,7,0,10
Catamarca,Estatal,166,153,250,218,213,0,68,30,41,14,32,0,242
Chaco,Estatal,31,36,42,36,29,0,13,5,8,1,7,0,30
Chaco,Estatal,153,104,137,107,70,11,157,161,110,59,68,18,96
Chaco,Estatal,45,60,42,40,44,0,17,16,13,1,7,0,54
Chaco,Estatal,57,64,52,54,52,0,23,34,27,24,16,0,74
Chaco,Estatal,7,9,7,8,6,0,0,1,0,1,0,0,10
Chaco,Estatal,41,37,32,34,23,0,19,44,13,8,22,0,30
Chaco,Estatal,99,65,58,78,60,0,1,2,4,2,0,0,70
Chaco,Estatal,359,270,263,204,164,16,184,173,84,43,59,9,255
Chaco,Estatal,0,0,0,0,0,0,0,0,0,0,0,0,0
Chaco,Estatal,316,281,223,206,158,27,183,136,106,65,104,9,263
Chaco,Estatal,12,18,4,11,13,0,12,8,3,4,2,0,15
Chaco,Estatal,358,338,305,275,256,7,147,75,48,27,31,3,355
Chaco,Privado,185,121,105,71,71,8,3,10,5,9,22,7,98
Chaco,Estatal,93,78,73,66,58,12,21,25,21,11,10,10,75
Chaco,Estatal,196,172,155,139,124,0,87,86,51,29,34,0,171
Chaco,Estatal,8,9,6,6,8,0,0,0,0,0,0,0,17
Chaco,Estatal,358,336,236,233,159,69,236,243,130,60,86,24,277
Chaco,Estatal,0,0,0,0,0,0,0,0,0,0,0,0,0
Chaco,Estatal,542,477,442,351,345,17,665,488,295,182,318,22,578
Chaco,Privado,396,367,194,261,232,5,74,46,82,37,79,4,368
Chaco,Privado,75,73,59,44,44,0,8,4,6,3,12,0,59
Chaco,Privado,416,324,323,313,234,0,42,44,41,11,39,0,288
Chaco,Estatal,28,42,36,47,30,0,4,7,3,3,3,0,36
Chaco,Estatal,50,37,40,38,27,8,48,50,42,16,14,0,42
Chaco,Estatal,0,0,0,0,0,0,0,0,0,0,0,0,0
Chaco,Estatal,134,115,104,101,80,0,178,114,58,61,49,0,96
Chaco,Estatal,12,7,8,12,6,0,5,0,5,1,0,0,11
Chaco,Estatal,84,81,71,97,73,2,30,28,21,21,32,4,105
Chaco,Estatal,382,316,239,233,139,0,130,92,49,17,39,0,178
Chaco,Estatal,520,411,347,291,257,25,351,205,98,66,63,7,362
Chaco,Privado,176,115,70,52,33,0,1,2,3,0,5,0,51
Chaco,Privado,152,122,116,92,106,0,44,46,26,22,29,0,161
Chaco,Estatal,63,23,29,11,0,0,0,7,4,2,0,0,15
Chaco,Estatal,258,118,122,102,73,0,272,171,48,33,71,0,148
Chaco,Estatal,12,15,11,7,10,0,0,0,1,0,1,0,18
Chaco,Estatal,140,123,95,90,79,30,32,24,17,3,7,22,104
Chaco,Estatal,91,84,77,68,56,2,43,24,8,4,16,10,72
Chaco,Estatal,568,341,321,287,268,5,422,308,162,111,122,7,401
Chaco,Privado,53,71,63,58,33,0,11,8,9,4,15,0,54
Chaco,Estatal,0,0,0,0,0,0,0,0,0,0,0,0,0
Chaco,Estatal,191,158,121,107,98,32,193,97,62,34,42,6,155
Chaco,Estatal,21,23,21,22,21,0,1,0,1,2,3,0,34
Chaco,Estatal,449,353,299,266,244,20,517,405,222,119,116,14,350
Chaco,Privado,172,133,161,151,149,33,15,26,4,12,20,0,209
Chaco,Estatal,0,0,0,0,0,0,0,0,0,0,0,0,0
Chaco,Estatal,191,172,155,174,126,4,237,150,76,34,30,2,225
Chaco,Estatal,0,0,0,0,0,0,0,0,0,0,0,0,0
Chaco,Estatal,127,88,96,103,29,0,105,73,18,13,56,0,47
Chaco,Estatal,79,60,59,46,38,0,0,9,1,1,10,0,51
Chaco,Estatal,399,306,278,254,182,11,169,158,110,56,74,4,262
Chaco,Estatal,56,46,51,31,21,0,25,25,4,6,6,0,26
Chaco,Estatal,3457,2920,2759,2377,1996,267,1486,1213,840,620,843,85,3127
Chaco,Privado,1111,876,874,810,760,0,122,139,103,76,112,0,1019
Chaco,Estatal,13,22,14,11,5,0,10,9,8,1,11,0,5
Chaco,Estatal,61,67,59,45,70,4,171,109,27,30,37,1,99
Chaco,Estatal,31,24,40,19,25,0,10,3,1,2,2,0,29
Chaco,Estatal,200,172,163,174,131,0,16,14,3,6,17,0,169
Chaco,Estatal,64,39,32,32,30,0,26,17,7,4,6,0,40
Chubut,Estatal,789,706,565,521,390,88,512,598,314,205,296,49,659
Chubut,Privado,56,48,53,48,71,0,0,2,4,1,7,0,93
Chubut,Estatal,292,271,273,200,167,18,20,42,27,18,27,12,238
Chubut,Estatal,15,22,18,12,8,6,16,7,11,1,7,0,26
Chubut,Estatal,62,78,78,48,63,0,49,27,30,30,25,0,91
Chubut,Privado,4,4,3,8,2,0,6,1,1,0,0,0,0
Chubut,Privado,146,98,97,87,62,0,18,28,19,8,20,0,108
Chubut,Estatal,1930,1572,1333,1443,1153,234,371,340,404,190,326,34,1470
Chubut,Privado,364,351,336,306,296,44,54,46,33,21,44,18,375
Chubut,Estatal,45,33,42,33,44,0,31,24,23,5,2,7,63
Chubut,Estatal,371,348,308,290,239,4,148,147,127,83,76,0,278
Chubut,Privado,54,51,38,29,38,0,0,0,0,2,1,0,79
Chubut,Estatal,127,137,61,57,55,36,13,4,1,1,4,0,48
Chubut,Estatal,40,17,33,31,26,6,53,21,14,6,7,0,28
Chubut,Estatal,16,15,24,14,17,0,1,0,0,0,0,0,17
Chubut,Estatal,44,21,22,28,26,0,10,16,8,2,8,0,30
Chubut,Estatal,13,12,15,14,17,0,8,6,3,0,7,0,17
Chubut,Estatal,27,13,0,0,0,0,0,0,0,0,0,0,0
Chubut,Estatal,1096,1014,914,820,635,77,581,471,341,219,358,8,1017
Chubut,Privado,194,188,161,177,169,0,16,13,6,3,2,0,234
Chubut,Estatal,29,9,16,8,11,12,5,6,4,1,3,1,25
Chubut,Estatal,0,0,2,0,0,0,0,0,0,0,0,0,0
Chubut,Estatal,33,74,54,56,61,24,155,76,51,20,17,0,80
Chubut,Estatal,58,57,55,42,35,17,15,13,21,4,8,3,43
Chubut,Estatal,16,17,13,11,11,0,7,7,0,4,2,0,12
Ciudad de Buenos Aires,Estatal,1123,958,819,707,566,142,567,510,431,423,498,177,1230
Ciudad de Buenos Aires,Privado,977,867,729,677,541,109,109,129,120,78,232,24,1003
Ciudad de Buenos Aires,Estatal,629,496,476,440,297,165,343,278,187,124,232,75,564
Ciudad de Buenos Aires,Privado,848,804,640,658,476,30,101,82,87,58,238,6,897
Ciudad de Buenos Aires,Estatal,363,336,319,264,222,55,242,223,165,101,177,40,420
Ciudad de Buenos Aires,Privado,979,947,823,721,567,0,54,61,48,18,190,0,1116
Ciudad de Buenos Aires,Estatal,441,368,268,287,210,36,229,232,176,116,234,55,350
Ciudad de Buenos Aires,Privado,911,899,776,701,568,53,85,96,79,63,202,13,1055
Ciudad de Buenos Aires,Estatal,507,400,342,348,288,50,255,315,232,96,228,125,543
Ciudad de Buenos Aires,Privado,1883,1648,1504,1324,1139,59,60,96,79,61,286,8,2075
Ciudad de Buenos Aires,Estatal,490,447,429,507,446,40,154,177,143,122,200,13,695
Ciudad de Buenos Aires,Privado,843,814,679,723,522,13,49,62,52,43,155,6,1127
Ciudad de Buenos Aires,Estatal,391,360,291,260,271,70,177,154,129,83,126,64,420
Ciudad de Buenos Aires,Privado,517,491,416,368,262,0,24,26,28,14,81,0,509
Ciudad de Buenos Aires,Estatal,806,743,605,654,469,35,193,222,364,162,249,18,614
Ciudad de Buenos Aires,Privado,520,455,360,370,340,0,62,49,42,35,112,0,588
Ciudad de Buenos Aires,Estatal,859,758,670,597,465,104,449,359,359,205,418,90,893
Ciudad de Buenos Aires,Privado,882,760,684,674,584,0,80,92,67,32,180,0,901
Ciudad de Buenos Aires,Estatal,957,721,580,554,416,108,803,687,440,324,369,88,867
Ciudad de Buenos Aires,Privado,618,539,415,405,287,0,115,99,111,52,200,0,595
Ciudad de Buenos Aires,Estatal,468,368,307,303,198,15,238,259,225,183,221,49,453
Ciudad de Buenos Aires,Privado,1087,980,809,825,724,15,32,37,63,31,158,32,1346
Ciudad de Buenos Aires,Estatal,686,647,597,564,363,91,401,313,249,164,339,13,639
Ciudad de Buenos Aires,Privado,924,827,677,730,627,0,49,68,46,31,136,0,1025
Ciudad de Buenos Aires,Estatal,623,595,508,496,445,74,409,286,248,123,225,124,558
Ciudad de Buenos Aires,Privado,614,606,432,514,345,0,109,103,118,47,175,0,751
Ciudad de Buenos Aires,Estatal,856,709,558,502,334,16,628,588,496,294,349,37,614
Ciudad de Buenos Aires,Privado,668,569,532,442,335,86,153,158,156,43,147,22,655
Ciudad de Buenos Aires,Estatal,681,597,409,436,351,39,487,364,292,206,192,163,587
Ciudad de Buenos Aires,Privado,1131,1046,842,827,712,29,122,120,140,55,264,16,1196
Córdoba,Estatal,75,53,40,32,22,0,9,13,12,3,26,0,31
Córdoba,Estatal,384,286,204,188,148,102,81,97,84,50,86,22,214
Córdoba,Privado,318,308,290,212,196,27,27,27,23,13,47,2,250
Córdoba,Estatal,6282,5864,4782,3987,3738,617,2497,2498,1880,1056,2247,244,5911
Córdoba,Privado,6548,5871,5210,4944,4175,152,506,643,616,372,1925,39,6462
Córdoba,Estatal,219,209,194,193,101,29,65,63,48,17,38,3,159
Córdoba,Estatal,1156,1068,965,846,727,219,491,430,332,145,310,38,1008
Córdoba,Privado,1103,1048,924,865,694,48,66,72,56,47,218,7,1037
Córdoba,Estatal,93,91,71,48,51,11,33,18,19,9,5,3,85
Córdoba,Estatal,289,265,199,207,199,65,144,126,76,36,42,26,329
Córdoba,Privado,162,127,94,101,112,0,14,15,17,3,39,0,187
Córdoba,Estatal,5,2,0,3,7,0,4,4,4,2,0,0,10
Córdoba,Estatal,62,45,50,32,33,45,47,32,25,9,0,2,75
Córdoba,Privado,226,200,155,182,141,42,36,44,35,21,47,8,182
Córdoba,Privado,129,138,122,130,106,6,19,30,23,19,29,6,117
Córdoba,Estatal,30,27,27,27,23,0,1,1,2,1,7,0,27
Córdoba,Estatal,246,185,171,175,173,35,85,67,69,24,31,5,221
Córdoba,Estatal,84,54,88,62,52,29,8,7,8,4,7,4,57
Córdoba,Estatal,517,470,373,307,286,140,89,106,98,44,138,12,405
Córdoba,Privado,55,46,44,30,39,11,11,14,18,6,6,0,45
Córdoba,Privado,877,840,702,688,580,20,41,47,62,31,144,1,775
Córdoba,Estatal,33,21,42,22,22,0,7,7,2,3,9,0,23
Córdoba,Estatal,173,171,149,104,121,58,70,59,43,36,16,3,215
Córdoba,Estatal,32,31,29,17,23,15,14,13,2,1,10,1,28
Córdoba,Estatal,405,328,281,250,159,78,75,78,37,15,50,21,225
Córdoba,Privado,53,46,49,50,46,13,10,15,11,5,5,0,58
Córdoba,Privado,225,228,210,182,175,51,55,66,50,24,55,19,237
Córdoba,Estatal,5,2,2,1,2,0,0,0,0,0,0,0,2
Córdoba,Estatal,411,366,351,304,318,97,152,146,88,38,125,22,386
Córdoba,Privado,407,327,284,277,261,11,56,46,38,17,65,0,386
Córdoba,Estatal,58,49,45,40,40,7,16,16,13,5,12,4,48
Córdoba,Estatal,25,28,27,15,22,8,14,16,7,15,12,6,26
Córdoba,Estatal,69,55,47,45,42,5,12,9,6,9,6,4,34
Córdoba,Estatal,269,242,125,123,123,53,75,73,79,36,30,3,152
Córdoba,Privado,92,69,82,83,74,0,5,7,12,12,23,0,102
Córdoba,Estatal,95,95,53,41,42,9,40,50,40,31,43,0,69
Córdoba,Estatal,848,785,704,606,529,98,349,265,219,88,326,11,748
Córdoba,Privado,949,893,805,738,702,117,99,99,142,93,219,16,956
Córdoba,Estatal,214,173,162,164,148,31,47,39,44,12,26,1,178
Córdoba,Estatal,1081,982,782,701,603,222,418,325,223,89,179,96,810
Córdoba,Privado,1332,1111,926,937,843,39,75,88,86,45,203,13,1209
Córdoba,Estatal,108,150,132,85,94,29,36,15,14,4,47,11,127
Córdoba,Estatal,263,206,208,178,127,69,55,52,49,13,47,13,168
Córdoba,Privado,230,216,190,171,201,18,11,13,20,12,34,4,239
Córdoba,Estatal,69,59,53,38,28,0,7,12,12,4,12,0,49
Córdoba,Estatal,137,111,103,58,58,16,14,14,15,14,24,8,72
Córdoba,Estatal,107,86,98,79,68,12,31,26,10,6,15,0,91
Córdoba,Estatal,573,471,344,350,324,126,179,143,133,64,157,49,440
Córdoba,Privado,517,442,437,381,377,21,35,45,44,17,101,4,466
Córdoba,Estatal,145,108,114,91,112,12,44,37,15,12,53,2,127
Córdoba,Estatal,113,133,142,83,97,41,91,71,48,32,25,0,144
Córdoba,Privado,94,104,71,72,82,18,14,17,20,4,21,4,96
Córdoba,Estatal,112,102,69,73,57,0,72,61,40,26,67,0,80
Córdoba,Estatal,317,305,276,202,220,56,107,114,78,49,43,0,388
Córdoba,Privado,168,109,106,111,104,6,6,27,25,14,43,0,155
Córdoba,Estatal,252,236,207,193,145,86,66,33,38,16,17,1,187
Córdoba,Estatal,1084,917,775,751,584,211,268,219,164,105,218,33,901
Córdoba,Privado,104,63,72,38,61,20,21,18,13,4,16,1,102
Córdoba,Privado,780,756,634,555,509,0,59,60,35,31,120,0,750
Córdoba,Estatal,172,109,103,83,77,24,74,48,41,18,54,10,103
Córdoba,Estatal,498,405,337,308,239,65,184,210,148,69,155,25,434
Córdoba,Privado,423,386,295,282,268,58,17,28,48,27,60,31,375
Córdoba,Estatal,53,61,36,27,53,15,6,2,8,0,5,0,62
Córdoba,Estatal,447,388,349,309,302,105,167,150,114,49,127,47,410
Córdoba,Privado,546,483,456,354,378,21,50,46,58,35,83,18,505
Córdoba,Estatal,49,40,34,44,45,18,19,19,1,1,13,0,48
Córdoba,Estatal,141,127,110,107,95,32,47,27,22,15,7,9,114
Córdoba,Estatal,78,61,62,45,45,38,11,10,9,3,5,2,58
Córdoba,Estatal,153,121,81,78,84,30,6,16,8,2,15,8,76
Córdoba,Estatal,500,452,376,346,317,155,123,119,85,41,108,28,383
Córdoba,Privado,69,46,47,39,37,8,9,4,9,4,19,0,46
Córdoba,Privado,484,442,342,328,269,26,41,41,46,24,84,0,351
Corrientes,Estatal,62,59,46,58,39,11,7,1,4,3,8,0,31
Corrientes,Estatal,320,243,305,242,261,49,78,68,27,46,18,21,297
Corrientes,Privado,84,103,77,50,36,0,3,2,5,8,15,0,52
Corrientes,Estatal,29,29,32,21,30,0,4,9,7,2,3,0,45
Corrientes,Estatal,69,64,57,56,43,0,32,20,20,9,26,0,50
Corrientes,Estatal,3076,2671,2440,2095,1835,261,1346,970,726,387,427,31,2413
Corrientes,Privado,1123,1109,1052,978,905,0,90,75,59,33,109,0,1156
Corrientes,Estatal,60,52,67,49,41,0,65,23,15,8,11,0,62
Corrientes,Estatal,251,169,136,114,115,0,37,40,20,11,0,0,135
Corrientes,Estatal,17,13,21,14,15,0,11,5,3,0,5,0,19
Corrientes,Estatal,286,271,215,198,130,30,182,109,89,88,90,14,177
Corrientes,Privado,75,94,73,67,69,2,12,8,5,4,11,0,97
Corrientes,Estatal,37,23,31,35,34,0,15,17,7,3,1,0,46
Corrientes,Estatal,65,43,64,42,32,11,56,27,25,27,25,4,61
Corrientes,Estatal,262,268,213,179,186,0,51,31,69,37,13,0,204
Corrientes,Privado,189,161,112,133,106,105,37,23,28,14,4,24,122
Corrientes,Privado,374,358,273,272,313,1,92,85,57,29,40,1,436
Corrientes,Estatal,114,123,121,87,85,0,1,1,1,1,2,0,115
Corrientes,Estatal,211,171,167,144,143,56,31,12,4,7,9,0,216
Corrientes,Estatal,42,38,38,20,24,18,2,9,2,6,0,3,26
Corrientes,Estatal,57,64,54,82,60,0,0,0,0,0,2,0,62
Corrientes,Estatal,57,68,77,61,43,0,4,10,5,1,6,0,50
Corrientes,Estatal,117,104,104,106,78,18,47,27,13,4,20,1,116
Corrientes,Estatal,164,152,136,126,105,12,31,10,10,5,15,0,106
Corrientes,Estatal,624,530,473,399,372,82,359,222,184,105,61,2,473
Corrientes,Privado,169,161,152,158,132,0,51,24,23,10,12,0,171
Corrientes,Estatal,43,38,32,26,26,12,8,6,11,1,3,0,28
Corrientes,Estatal,93,82,53,39,46,0,32,6,9,6,8,0,48
Corrientes,Estatal,337,263,254,221,176,47,106,111,46,18,56,0,230
Corrientes,Estatal,133,135,91,88,66,0,42,28,15,6,18,0,76
Corrientes,Estatal,164,169,170,141,128,0,152,71,37,27,23,0,168
Corrientes,Estatal,18,21,13,21,26,0,13,4,2,0,2,0,26
Corrientes,Estatal,89,89,45,49,46,0,41,35,20,8,19,0,77
Corrientes,Estatal,53,42,22,18,19,0,20,21,8,5,4,0,47
Corrientes,Estatal,260,226,164,169,148,16,118,87,38,25,21,4,234
Corrientes,Estatal,80,70,55,56,55,10,38,22,22,1,7,1,59
Corrientes,Estatal,397,345,356,263,243,66,70,65,44,15,32,0,243
Corrientes,Estatal,74,65,58,57,43,0,16,5,8,3,4,0,45
Corrientes,Estatal,401,308,283,207,167,56,157,157,74,66,67,4,305
Corrientes,Privado,92,97,70,69,65,0,10,4,1,1,6,0,82
Corrientes,Estatal,67,52,37,36,22,0,3,3,4,4,8,0,30
Corrientes,Estatal,231,202,205,152,183,56,57,50,21,8,15,0,207
Corrientes,Estatal,59,48,42,51,47,0,11,4,6,2,3,0,64
Corrientes,Estatal,92,104,82,71,70,0,60,53,39,22,16,0,96
Corrientes,Estatal,87,92,84,75,64,0,24,30,31,23,29,0,79
Corrientes,Estatal,100,97,118,95,88,31,90,70,36,67,23,2,118
Corrientes,Estatal,119,89,44,74,55,0,7,5,17,5,12,0,58
Corrientes,Estatal,84,66,61,76,71,0,4,0,2,0,3,0,73
Corrientes,Estatal,90,89,76,47,45,0,22,10,10,11,2,0,49
Corrientes,Estatal,147,106,82,70,136,25,46,8,9,6,18,0,161
Corrientes,Estatal,52,41,35,33,41,0,7,4,3,4,0,0,44
Corrientes,Estatal,754,646,577,456,382,46,169,103,67,39,63,16,465
Corrientes,Privado,101,68,85,81,70,9,2,6,3,2,2,0,95
Corrientes,Estatal,28,26,12,15,7,0,1,1,1,0,0,0,7
Corrientes,Estatal,86,81,46,32,31,0,0,0,5,18,17,0,42
Entre Ríos,Estatal,52,37,30,38,32,6,11,14,7,1,6,1,42
Entre Ríos,Estatal,394,392,354,328,324,130,204,108,111,43,53,18,403
Entre Ríos,Privado,156,168,121,141,114,0,16,14,11,10,20,0,170
Entre Ríos,Estatal,217,179,154,157,162,20,89,34,54,17,19,0,189
Entre Ríos,Estatal,1232,1135,1036,929,733,102,722,459,266,151,268,10,1025
Entre Ríos,Privado,329,317,259,266,278,0,55,45,32,11,38,0,397
Entre Ríos,Estatal,92,65,70,55,59,8,27,22,25,9,8,0,64
Entre Ríos,Estatal,201,180,196,159,139,54,181,69,94,40,12,2,207
Entre Ríos,Privado,5,6,0,0,0,0,2,2,0,0,0,0,0
Entre Ríos,Privado,170,170,128,140,161,0,9,16,11,4,18,0,197
Entre Ríos,Privado,34,33,30,14,20,7,5,3,5,3,7,1,33
Entre Ríos,Privado,89,64,39,54,57,0,16,19,26,4,0,0,83
Entre Ríos,Estatal,128,98,111,95,85,15,80,42,26,16,10,0,109
Entre Ríos,Estatal,393,272,249,203,192,40,370,231,139,41,64,7,239
Entre Ríos,Privado,217,165,136,136,158,0,37,36,35,11,9,0,195
Entre Ríos,Estatal,52,41,50,36,36,0,18,7,1,5,3,0,41
Entre Ríos,Estatal,132,132,136,101,152,22,130,101,70,25,17,17,208
Entre Ríos,Estatal,79,83,78,56,45,18,14,4,10,9,7,0,54
Entre Ríos,Estatal,176,178,138,121,98,16,9,17,37,11,12,3,109
Entre Ríos,Estatal,25,24,10,11,19,0,15,14,10,0,7,0,32
Entre Ríos,Estatal,460,398,376,316,274,36,236,160,80,63,50,32,297
Entre Ríos,Privado,98,95,61,59,50,0,12,11,9,3,18,0,79
Entre Ríos,Estatal,96,108,82,71,76,0,28,32,12,12,21,0,91
Entre Ríos,Estatal,552,551,463,398,424,120,320,251,216,85,94,24,651
Entre Ríos,Privado,470,431,377,349,362,27,70,41,34,17,46,14,494
Entre Ríos,Estatal,79,74,51,49,50,3,35,31,19,8,8,0,85
Entre Ríos,Estatal,35,36,19,26,31,13,28,25,11,4,4,2,31
Entre Ríos,Estatal,191,187,147,130,117,4,87,43,22,12,24,1,146
Entre Ríos,Estatal,466,371,277,233,244,37,203,115,102,43,39,3,293
Entre Ríos,Privado,231,229,167,191,171,23,32,24,27,14,39,0,203
Entre Ríos,Estatal,83,85,78,87,80,12,43,24,22,12,9,4,93
Entre Ríos,Estatal,169,147,113,87,86,10,122,85,70,22,15,5,94
Entre Ríos,Privado,138,123,122,111,127,0,41,31,21,15,19,0,147
Entre Ríos,Estatal,249,217,201,196,177,34,64,40,17,10,24,3,188
Entre Ríos,Estatal,2003,1798,1557,1319,1293,299,1263,774,537,336,245,45,1579
Entre Ríos,Privado,7,6,6,15,14,0,1,1,0,1,1,0,14
Entre Ríos,Privado,1333,1238,1177,1140,994,25,122,103,95,67,208,9,1328
Entre Ríos,Estatal,35,36,27,29,17,15,3,4,4,1,1,4,27
Entre Ríos,Estatal,208,161,129,116,125,20,62,42,42,20,17,5,165
Entre Ríos,Estatal,22,25,28,23,22,0,13,9,6,0,3,0,23
Entre Ríos,Estatal,207,135,123,95,119,34,100,67,30,15,28,1,143
Entre Ríos,Privado,57,53,48,39,59,0,5,2,7,2,5,0,64
Entre Ríos,Estatal,148,116,111,88,125,2,57,48,24,12,26,4,159
Entre Ríos,Estatal,764,660,541,480,403,106,296,184,105,56,61,9,514
Entre Ríos,Privado,30,24,26,23,21,2,8,0,4,0,3,1,15
Entre Ríos,Privado,292,253,238,216,205,0,27,49,23,29,30,0,239
Entre Ríos,Estatal,43,45,33,32,28,0,24,22,14,3,8,0,38
Entre Ríos,Estatal,187,194,166,115,138,23,157,111,62,30,41,0,186
Entre Ríos,Privado,79,65,73,80,68,0,7,2,6,3,15,0,83
Entre Ríos,Estatal,151,144,107,101,97,27,76,82,41,16,16,0,112
Entre Ríos,Estatal,189,191,145,140,97,10,168,83,58,28,64,30,264
Entre Ríos,Privado,81,72,67,54,62,0,7,13,6,2,9,0,82
Formosa,Estatal,125,122,101,84,59,14,55,28,15,5,16,0,72
Formosa,Estatal,12,5,17,33,32,6,26,5,2,1,1,4,61
Formosa,Privado,28,37,25,28,3,0,4,2,2,3,3,0,1
Formosa,Privado,84,92,84,66,73,0,17,9,12,14,15,0,84
Formosa,Estatal,126,118,110,99,85,0,29,15,25,10,17,0,116
Formosa,Estatal,2110,1953,1840,1601,1328,164,879,663,501,394,692,98,1861
Formosa,Privado,468,442,423,434,417,0,9,19,12,10,48,0,467
Formosa,Estatal,123,98,100,66,63,0,10,10,5,2,7,0,72
Formosa,Estatal,149,140,87,113,89,14,38,37,27,14,31,3,100
Formosa,Estatal,26,26,23,16,13,0,2,3,1,1,0,0,13
Formosa,Estatal,51,34,96,109,106,0,43,8,19,17,31,0,165
Formosa,Estatal,406,311,257,209,158,1,44,30,38,21,22,3,159
Formosa,Estatal,804,742,591,537,404,9,94,90,64,55,76,0,477
Formosa,Privado,64,48,64,72,43,0,9,9,8,6,11,0,51
Formosa,Estatal,148,151,125,115,80,12,63,25,23,14,38,1,108
Formosa,Estatal,126,93,111,95,79,0,36,9,5,4,24,0,96
Formosa,Estatal,239,207,126,147,113,0,28,14,19,8,10,0,116
Formosa,Estatal,751,762,749,641,501,18,239,169,101,87,245,22,606
Formosa,Privado,170,168,146,149,126,43,28,15,18,11,46,19,148
Formosa,Estatal,301,240,189,167,152,22,34,15,25,19,21,1,157
Formosa,Estatal,716,540,426,403,316,21,251,162,95,39,108,7,427
Formosa,Estatal,194,161,108,110,83,4,67,15,20,3,22,1,112
Formosa,Estatal,39,29,25,20,8,0,25,17,2,4,1,0,17
Jujuy,Estatal,31,29,27,24,24,0,10,10,11,3,9,0,40
Jujuy,Estatal,94,77,42,73,66,6,74,57,59,23,19,7,133
Jujuy,Estatal,38,49,38,38,13,0,23,23,20,6,20,0,32
Jujuy,Estatal,1730,1532,1264,1184,891,97,1248,1170,953,615,900,93,1566
Jujuy,Privado,821,738,719,657,582,0,233,182,119,93,247,0,930
Jujuy,Estatal,35,44,21,17,16,0,66,20,31,14,29,0,24
Jujuy,Estatal,971,686,668,572,403,93,483,378,265,165,378,95,667
Jujuy,Privado,86,105,106,92,72,0,76,32,19,15,34,0,172
Jujuy,Privado,101,100,67,73,57,0,12,17,31,2,22,0,106
Jujuy,Estatal,45,39,41,33,22,0,10,12,2,3,7,0,27
Jujuy,Estatal,129,106,110,96,74,26,114,108,59,59,67,5,158
Jujuy,Estatal,26,27,18,19,9,0,6,16,8,9,20,0,22
Jujuy,Estatal,709,599,594,555,400,55,408,354,255,222,349,5,638
Jujuy,Privado,139,106,109,77,77,57,13,16,16,18,13,0,174
Jujuy,Estatal,22,11,10,6,6,1,21,6,7,0,6,0,16
Jujuy,Estatal,327,263,249,184,108,12,359,328,244,198,227,45,225
Jujuy,Estatal,24,30,20,26,13,0,7,4,2,0,4,0,16
Jujuy,Estatal,35,20,28,21,10,0,20,15,11,7,25,0,23
Jujuy,Estatal,59,51,31,38,36,5,23,17,17,3,6,1,57
Jujuy,Estatal,779,690,628,556,406,33,272,325,241,128,207,5,649
Jujuy,Privado,96,95,85,72,80,0,9,6,4,4,1,0,103
Jujuy,Estatal,18,20,18,19,18,11,12,8,8,3,0,0,22
Jujuy,Estatal,143,104,82,94,60,15,76,73,40,42,52,0,151
Jujuy,Estatal,18,27,28,25,20,0,8,9,9,7,3,0,26
Jujuy,Estatal,52,46,51,44,36,0,19,11,12,14,14,0,45
Jujuy,Estatal,44,19,24,30,17,0,13,10,1,3,2,0,27
Jujuy,Estatal,104,77,116,73,54,8,115,106,63,54,31,28,123
Jujuy,Estatal,32,30,23,28,27,0,21,29,24,20,9,0,34
Jujuy,Estatal,35,29,30,29,22,2,5,6,2,5,4,0,38
Jujuy,Estatal,19,16,11,11,16,0,7,6,7,6,2,0,18
Jujuy,Estatal,164,128,109,110,92,28,194,141,83,85,104,17,204
La Pampa,Estatal,10,9,9,4,11,0,2,3,1,1,0,0,11
La Pampa,Estatal,31,29,20,15,9,3,33,18,13,2,3,0,22
La Pampa,Estatal,20,3,5,9,11,0,6,20,21,9,6,0,11
La Pampa,Estatal,10,9,14,4,3,0,15,11,12,3,10,0,6
La Pampa,Estatal,792,743,639,573,473,55,568,345,158,118,188,23,799
La Pampa,Privado,299,281,267,239,197,0,40,24,30,31,44,0,264
La Pampa,Estatal,28,25,15,16,11,0,7,2,0,1,4,0,11
La Pampa,Estatal,38,36,31,18,19,0,10,1,1,1,3,0,23
La Pampa,Estatal,39,46,37,8,7,5,23,16,9,5,1,0,35
La Pampa,Estatal,16,25,10,1,7,0,8,7,2,0,3,0,8
La Pampa,Estatal,14,13,0,0,0,0,1,1,0,0,0,0,0
La Pampa,Estatal,125,124,118,106,96,4,36,32,27,11,41,3,114
La Pampa,Estatal,13,14,5,10,5,0,3,2,0,0,0,0,6
La Pampa,Estatal,7,8,4,5,4,0,3,4,0,1,2,0,5
La Pampa,Estatal,100,93,99,67,102,5,51,45,26,24,17,3,108
La Pampa,Privado,58,51,39,34,28,0,23,13,7,3,10,0,49
La Pampa,Privado,398,361,360,252,268,10,83,66,54,47,85,0,356
La Pampa,Estatal,42,41,41,31,37,0,3,0,0,0,1,0,42
La Pampa,Estatal,16,32,24,12,11,11,7,2,4,0,1,1,16
La Pampa,Estatal,24,21,14,11,15,5,25,23,4,8,7,4,25
La Pampa,Estatal,32,33,34,32,29,9,34,17,9,12,19,0,26
La Pampa,Estatal,17,13,7,7,4,0,1,4,3,0,6,0,9
La Pampa,Estatal,475,354,318,289,241,19,305,177,114,88,87,11,340
La Pampa,Privado,142,157,106,94,92,0,9,14,13,17,15,0,152
La Pampa,Estatal,8,24,9,7,9,0,4,1,0,0,2,0,9
La Pampa,Estatal,110,98,115,77,57,16,66,45,27,11,29,5,68
La Pampa,Estatal,16,17,14,16,10,0,1,1,0,2,5,0,15
La Pampa,Estatal,40,33,24,23,19,0,0,6,2,4,1,0,19
La Pampa,Estatal,33,40,15,8,5,0,5,2,0,0,2,0,5
La Pampa,Estatal,58,63,60,53,56,0,30,19,13,3,5,0,78
La Pampa,Estatal,29,20,15,8,5,0,5,7,7,3,4,0,5
La Pampa,Estatal,148,100,120,90,80,12,48,45,29,15,30,9,112
La Pampa,Estatal,108,85,65,39,29,0,37,19,7,1,0,0,48
La Pampa,Estatal,15,6,5,5,7,0,8,2,3,0,4,0,11
La Pampa,Estatal,30,24,18,31,11,0,4,3,2,2,8,0,11
La Pampa,Estatal,137,109,96,89,93,35,92,50,42,22,15,2,121
La Rioja,Estatal,35,29,10,8,3,0,6,3,1,2,6,0,10
La Rioja,Estatal,49,77,45,69,47,6,100,72,48,19,31,0,84
La Rioja,Estatal,21,13,13,6,5,1,42,21,18,13,6,1,6
La Rioja,Estatal,1921,1751,1714,1424,1407,248,456,361,286,221,241,21,2011
La Rioja,Privado,450,413,417,382,331,0,13,26,8,4,33,0,461
La Rioja,Estatal,29,25,21,22,14,7,6,12,7,4,12,4,31
La Rioja,Estatal,9,5,0,0,0,0,1,0,0,0,0,0,0
La Rioja,Estatal,121,106,77,78,72,13,38,14,21,2,19,3,140
La Rioja,Estatal,134,138,101,109,96,47,8,4,4,5,6,6,82
La Rioja,Estatal,375,228,202,262,213,64,221,227,98,72,131,11,363
La Rioja,Estatal,38,40,28,21,20,0,0,0,0,0,0,0,20
La Rioja,Estatal,86,70,105,101,73,0,5,3,10,0,17,0,103
La Rioja,Estatal,30,13,17,13,22,11,0,0,0,5,0,0,19
La Rioja,Estatal,146,132,125,102,89,1,21,27,24,22,51,1,130
La Rioja,Privado,66,57,58,75,44,0,13,20,15,5,16,0,57
La Rioja,Privado,189,164,203,147,164,0,10,10,9,7,25,0,221
La Rioja,Estatal,46,27,21,28,24,6,15,14,15,10,10,4,48
La Rioja,Estatal,12,11,5,4,2,0,0,4,3,0,3,0,7
La Rioja,Estatal,21,24,20,35,36,0,1,0,0,0,0,0,47
La Rioja,Privado,13,18,8,8,5,7,11,2,5,2,0,1,8
La Rioja,Estatal,44,52,34,33,36,0,9,6,5,2,12,0,56
La Rioja,Estatal,26,29,26,28,29,0,5,1,7,2,11,0,38
La Rioja,Estatal,25,26,4,9,9,0,0,0,0,0,0,0,13
La Rioja,Estatal,31,16,34,31,24,6,13,5,5,2,2,4,27
La Rioja,Estatal,5,5,0,0,0,0,0,0,0,0,0,0,0
La Rioja,Estatal,45,31,38,33,19,0,0,0,2,1,8,0,26
La Rioja,Estatal,103,107,66,57,62,5,31,22,16,7,10,2,130
La Rioja,Estatal,0,1,0,0,0,0,0,0,0,0,0,0,0
La Rioja,Estatal,38,38,22,20,14,6,0,0,16,16,6,0,32
Mendoza,Estatal,2154,1815,1657,1589,1331,317,714,564,438,245,432,75,1796
Mendoza,Privado,1206,1027,964,861,791,11,148,110,108,76,201,0,1059
Mendoza,Estatal,18,16,11,11,15,10,16,5,7,0,4,5,18
Mendoza,Privado,120,95,97,78,97,7,13,33,7,16,26,2,114
Mendoza,Privado,224,160,178,169,140,0,20,23,26,11,22,0,259
Mendoza,Estatal,36,19,17,18,10,3,24,21,22,8,9,6,12
Mendoza,Estatal,332,260,236,232,163,68,156,123,88,36,99,14,218
Mendoza,Privado,96,93,50,85,78,0,27,11,16,7,17,0,96
Mendoza,Estatal,800,631,436,430,315,41,415,360,330,190,237,45,399
Mendoza,Privado,831,682,739,630,549,0,41,53,70,20,176,0,792
Mendoza,Estatal,296,302,232,221,109,22,72,62,60,20,66,4,163
Mendoza,Estatal,1339,818,768,607,411,70,719,576,400,169,406,46,643
Mendoza,Privado,76,78,56,55,46,0,9,6,8,1,20,0,79
Mendoza,Privado,700,602,527,508,435,0,72,70,71,37,209,0,621
Mendoza,Estatal,151,143,133,148,106,17,27,9,13,6,10,8,122
Mendoza,Estatal,310,287,205,191,242,83,158,104,108,44,65,15,271
Mendoza,Estatal,116,96,89,99,85,38,13,12,13,8,4,0,85
Mendoza,Estatal,1084,843,728,544,397,92,665,494,352,191,321,17,565
Mendoza,Privado,116,66,86,45,47,0,8,8,3,2,19,0,62
Mendoza,Estatal,327,251,208,175,164,67,75,89,81,49,47,16,222
Mendoza,Estatal,226,189,144,125,105,0,65,43,43,27,56,0,152
Mendoza,Estatal,194,151,87,92,54,11,61,93,54,22,50,30,74
Mendoza,Estatal,794,586,502,466,361,59,442,361,325,133,227,9,466
Mendoza,Privado,323,250,277,228,185,0,24,16,22,20,54,0,282
Mendoza,Estatal,129,98,80,69,55,11,41,55,36,14,27,5,70
Mendoza,Estatal,1232,881,729,621,543,113,539,573,425,252,286,58,795
Mendoza,Privado,379,350,312,310,272,50,38,32,30,42,91,0,384
Mendoza,Estatal,62,47,38,38,30,15,29,14,25,10,1,2,39
Mendoza,Estatal,254,185,147,137,79,25,67,59,69,32,57,36,90
Mendoza,Estatal,274,222,193,170,159,0,72,35,41,17,32,0,199
Mendoza,Estatal,347,266,179,174,161,20,131,103,100,53,81,19,180
Mendoza,Estatal,100,66,61,59,40,22,31,25,36,9,23,6,52
Mendoza,Estatal,243,205,165,143,131,32,62,34,31,15,38,8,153
Mendoza,Privado,89,90,91,82,82,0,18,14,16,4,29,0,109
Mendoza,Estatal,300,200,198,165,135,30,140,69,65,34,65,14,211
Mendoza,Estatal,768,644,488,488,441,29,237,210,193,118,137,35,523
Mendoza,Privado,129,135,131,115,130,0,6,8,14,7,9,0,181
Mendoza,Estatal,321,221,174,163,181,93,124,133,82,30,49,21,184
Mendoza,Estatal,1284,1113,970,913,777,239,315,334,373,235,423,52,993
Mendoza,Privado,346,279,273,304,237,0,22,22,16,16,77,0,296
Mendoza,Estatal,87,60,36,58,37,0,12,10,13,8,3,0,46
Mendoza,Estatal,134,95,111,60,61,1,49,49,49,26,33,4,83
Mendoza,Estatal,40,48,42,37,28,0,21,9,6,5,3,0,30
Mendoza,Estatal,475,392,278,252,240,44,237,169,149,43,94,42,246
Mendoza,Privado,62,65,50,57,41,0,4,8,8,2,7,0,61
Mendoza,Estatal,115,99,69,57,50,22,40,35,18,6,11,4,64
Mendoza,Estatal,244,236,183,161,156,38,120,100,132,51,66,9,176
Mendoza,Privado,55,62,43,34,47,0,4,3,6,9,13,0,74
Misiones,Estatal,200,192,190,151,167,9,41,28,16,10,22,2,204
Misiones,Estatal,91,72,37,49,41,9,11,31,16,2,0,0,89
Misiones,Estatal,48,49,35,30,14,0,38,30,9,12,9,0,18
Misiones,Estatal,331,285,259,177,159,49,98,122,54,29,61,8,182
Misiones,Privado,212,209,157,156,162,21,11,26,7,7,21,0,208
Misiones,Estatal,42,32,34,29,29,0,15,8,4,2,3,0,34
Misiones,Estatal,697,518,419,365,342,54,197,140,96,52,69,11,434
Misiones,Privado,105,101,105,91,79,5,2,7,4,0,0,7,103
Misiones,Estatal,78,56,77,55,51,26,27,28,17,10,13,6,62
Misiones,Estatal,215,162,106,126,94,4,124,116,65,31,49,1,121
Misiones,Estatal,132,100,89,55,23,0,124,100,66,27,30,0,41
Misiones,Estatal,2422,1936,1634,1369,978,194,854,773,497,214,399,57,1436
Misiones,Privado,1540,1377,1238,1303,1125,59,114,191,149,73,236,34,1597
Misiones,Estatal,20,16,10,13,7,0,2,1,4,2,3,0,9
Misiones,Estatal,96,56,56,69,36,17,37,53,26,12,20,3,53
Misiones,Estatal,121,92,67,75,51,29,45,52,17,16,17,3,85
Misiones,Estatal,623,411,309,290,223,81,352,341,190,115,168,24,331
Misiones,Privado,187,149,101,112,114,0,13,35,20,5,44,0,185
Misiones,Privado,315,293,249,244,201,0,37,54,23,14,72,0,279
Misiones,Privado,71,40,43,36,38,0,2,15,5,1,10,0,51
Misiones,Estatal,127,76,70,54,46,7,24,18,4,7,3,10,48
Misiones,Estatal,292,237,171,151,158,17,105,88,36,23,18,8,195
Misiones,Privado,94,64,85,39,41,0,15,19,14,10,13,0,49
Misiones,Estatal,80,82,69,64,88,0,11,16,7,5,13,0,98
Misiones,Estatal,666,593,433,372,320,58,169,141,133,78,91,4,467
Misiones,Privado,86,76,83,71,47,0,10,13,7,4,12,0,62
Misiones,Estatal,4,6,6,4,5,0,0,0,0,0,0,0,5
Misiones,Estatal,735,526,402,352,274,103,516,407,223,109,130,8,420
Misiones,Privado,203,141,124,120,107,5,26,37,13,19,33,0,187
Misiones,Estatal,193,155,152,113,101,0,55,40,14,7,23,0,128
Misiones,Estatal,254,207,217,196,167,30,151,175,62,37,38,0,215
Misiones,Privado,127,94,125,107,48,0,7,10,4,6,21,0,124
Misiones,Estatal,118,89,86,58,72,13,36,30,25,12,16,0,80
Misiones,Estatal,295,278,238,240,231,82,110,123,85,39,48,0,254
Misiones,Privado,55,32,34,31,43,51,3,20,6,5,0,0,66
Misiones,Privado,118,75,55,61,57,20,12,16,4,2,13,0,96
Misiones,Estatal,61,75,32,24,38,0,18,24,19,6,10,0,51
Misiones,Estatal,195,143,135,116,118,54,170,168,100,49,50,21,216
Misiones,Privado,66,74,72,57,48,2,7,10,4,1,14,0,80
Misiones,Estatal,264,247,231,217,141,21,80,61,25,15,42,5,188
Misiones,Estatal,653,538,460,438,386,7,288,357,176,82,156,57,528
Misiones,Privado,164,132,152,123,105,0,6,8,6,4,25,0,138
Misiones,Estatal,78,46,46,45,57,0,33,18,13,6,5,0,67
Misiones,Estatal,444,374,337,308,255,25,220,234,122,52,85,29,347
Misiones,Privado,41,28,27,28,17,0,0,4,1,1,4,0,22
Misiones,Privado,61,71,63,70,51,5,3,0,3,4,7,0,68
Misiones,Estatal,126,96,104,58,90,0,7,15,16,17,10,0,95
Misiones,Estatal,188,132,123,95,59,15,103,70,48,17,40,6,65
Misiones,Estatal,117,88,73,79,61,0,19,15,7,6,10,0,73
Misiones,Estatal,325,256,189,185,185,29,76,76,35,9,22,15,198
Neuquén,Estatal,58,55,73,62,49,0,30,12,13,3,25,0,67
Neuquén,Estatal,170,150,104,81,62,8,85,67,55,25,51,0,65
Neuquén,Estatal,34,42,36,31,7,0,8,4,12,2,0,0,9
Neuquén,Estatal,5,5,2,5,6,0,13,5,1,0,0,0,14
Neuquén,Estatal,16,14,23,17,21,0,17,8,5,1,5,0,21
Neuquén,Estatal,159,135,122,116,126,12,79,52,40,18,29,9,171
Neuquén,Estatal,0,0,0,0,0,0,0,0,0,0,0,0,0
Neuquén,Estatal,40,41,39,29,28,0,28,22,14,13,8,0,36
Neuquén,Estatal,3115,2698,2272,2226,1800,517,1660,1789,1152,807,726,281,2228
Neuquén,Privado,935,842,850,748,668,27,53,69,53,45,109,3,825
Neuquén,Estatal,5,8,9,4,7,0,0,3,0,0,0,0,7
Neuquén,Estatal,262,215,200,210,162,0,162,98,49,46,87,0,253
Neuquén,Privado,52,29,32,25,23,8,5,6,4,3,8,7,28
Neuquén,Privado,71,57,51,35,37,2,8,8,5,3,12,0,36
Neuquén,Estatal,46,36,22,29,19,0,0,0,0,0,0,0,19
Neuquén,Estatal,87,40,57,52,32,28,47,62,49,15,32,1,69
Neuquén,Privado,31,24,25,25,22,9,17,11,3,4,2,2,40
Neuquén,Estatal,0,0,0,0,0,0,0,0,0,0,0,0,0
Neuquén,Estatal,363,290,256,205,142,35,162,161,86,95,128,22,162
Neuquén,Privado,55,50,49,38,40,0,2,0,0,0,0,0,73
Neuquén,Estatal,0,0,0,0,0,0,0,0,0,0,0,0,0
Neuquén,Estatal,160,124,107,62,43,0,39,38,30,19,58,0,83
Neuquén,Estatal,62,39,42,44,58,31,5,10,1,2,0,0,61
Neuquén,Estatal,12,14,6,4,6,0,8,2,1,0,0,0,11
Neuquén,Estatal,256,218,213,197,156,96,136,88,58,22,63,7,174
Neuquén,Estatal,18,12,11,0,0,0,1,0,0,0,0,0,0
Neuquén,Estatal,25,29,33,33,39,0,31,38,17,10,3,0,44
Neuquén,Estatal,17,13,13,13,15,0,6,2,1,3,0,0,15
Neuquén,Estatal,0,0,0,0,0,0,0,0,0,0,0,0,0
Neuquén,Estatal,471,316,360,324,323,99,223,258,110,64,55,16,356
Río Negro,Estatal,11,5,5,1,3,0,1,1,0,1,0,0,5
Río Negro,Estatal,253,298,261,235,198,6,11,9,11,5,1,3,267
Río Negro,Estatal,39,36,32,23,31,0,1,13,13,1,12,0,41
Río Negro,Estatal,9,17,19,19,21,0,1,2,3,7,6,0,21
Río Negro,Estatal,163,126,95,80,67,21,30,33,10,9,9,22,58
Río Negro,Estatal,855,755,578,466,348,25,30,43,20,15,45,13,372
Río Negro,Privado,236,138,161,133,155,0,23,36,21,23,60,0,209
Río Negro,Estatal,54,51,64,41,13,0,4,13,9,9,39,0,17
Río Negro,Estatal,347,336,287,220,112,42,73,115,83,47,107,13,265
Río Negro,Privado,43,39,41,41,20,0,1,8,14,4,29,0,43
Río Negro,Estatal,13,18,16,14,9,4,25,7,10,2,3,5,13
Río Negro,Estatal,855,768,716,662,481,30,131,252,211,182,471,71,674
Río Negro,Privado,648,641,553,465,365,33,9,34,38,22,112,28,586
Río Negro,Estatal,115,101,81,66,47,16,18,17,12,3,3,4,65
Río Negro,Estatal,37,47,34,35,29,0,9,9,1,1,4,0,30
Río Negro,Estatal,10,16,5,5,4,1,3,14,5,4,0,1,2
Río Negro,Estatal,43,62,78,27,23,0,38,40,43,21,15,0,59
Río Negro,Privado,95,81,64,46,26,0,4,11,7,8,20,0,65
Río Negro,Estatal,156,202,188,165,88,0,1,13,9,8,18,0,101
Río Negro,Estatal,4230,4012,3376,2693,1592,413,806,991,495,426,800,149,2026
Río Negro,Privado,885,764,702,656,495,23,53,88,68,36,176,13,642
Río Negro,Estatal,145,138,94,91,34,21,15,14,14,4,21,19,65
Río Negro,Estatal,98,101,61,92,89,0,3,5,13,12,21,0,108
Río Negro,Estatal,420,441,358,258,123,50,101,106,61,16,127,32,238
Río Negro,Estatal,2,2,0,1,0,0,0,0,0,0,0,0,1
Salta,Estatal,194,157,158,154,144,7,59,41,38,22,25,7,161
Salta,Estatal,722,611,493,411,399,85,237,144,100,67,100,28,491
Salta,Estatal,27,16,29,45,32,9,20,12,9,1,15,0,32
Salta,Estatal,0,0,0,0,0,0,0,0,0,0,0,0,0
Salta,Estatal,194,132,118,114,85,44,122,92,28,19,33,19,93
Salta,Estatal,18,11,7,8,13,0,16,6,6,8,5,0,13
Salta,Estatal,4226,3937,3292,2675,2132,396,2771,1968,1359,1023,1383,247,3060
Salta,Privado,2209,1928,2002,1844,1511,82,390,356,225,181,525,8,2371
Salta,Estatal,80,80,70,40,25,0,29,20,3,2,12,0,27
Salta,Estatal,256,256,166,168,113,39,139,122,62,39,41,4,149
Salta,Estatal,30,24,22,15,26,0,8,5,2,1,4,0,27
Salta,Estatal,221,202,185,167,94,5,165,135,92,50,113,8,138
Salta,Estatal,199,189,153,147,110,26,44,26,9,11,28,2,138
Salta,Privado,22,13,12,27,16,0,7,14,7,1,10,0,18
Salta,Privado,443,412,344,306,253,3,66,60,37,30,77,6,330
Salta,Estatal,40,28,36,31,21,0,8,4,5,2,5,0,25
Salta,Estatal,655,592,617,530,365,181,171,172,143,92,161,51,505
Salta,Estatal,246,198,165,157,128,6,112,40,28,17,23,10,149
Salta,Estatal,1652,1348,1131,943,642,187,724,702,453,342,481,100,1069
Salta,Privado,387,347,344,294,214,0,66,56,41,18,102,0,335
Salta,Estatal,14,14,11,11,12,0,12,8,4,1,3,0,12
Salta,Estatal,82,97,69,91,72,13,17,6,9,4,16,1,98
Salta,Estatal,0,0,0,0,0,0,0,0,0,0,0,0,0
Salta,Estatal,73,91,68,59,38,0,33,25,35,16,23,0,50
Salta,Estatal,30,33,32,40,26,0,5,10,10,2,5,0,40
Salta,Estatal,19,20,26,18,6,0,5,8,1,3,8,0,9
Salta,Estatal,38,42,30,47,37,0,11,7,11,2,12,0,43
Salta,Estatal,44,27,22,31,30,0,7,7,3,4,0,0,47
Salta,Estatal,24,11,16,12,16,0,0,0,0,0,0,0,16
Salta,Estatal,114,91,95,78,93,0,9,6,6,5,1,0,54
Salta,Estatal,86,93,73,65,44,7,32,14,7,8,13,0,55
Salta,Estatal,475,378,288,287,231,24,184,135,80,72,72,13,284
Salta,Estatal,110,111,102,105,71,4,26,25,4,6,23,0,100
Salta,Estatal,23,30,23,28,20,0,2,4,1,1,2,0,35
Salta,Estatal,2099,1693,1350,1148,834,139,682,575,386,247,384,43,1255
Salta,Privado,240,221,221,178,171,15,29,22,14,7,22,8,223
Salta,Estatal,219,166,115,115,86,7,196,84,56,38,28,5,120
Salta,Estatal,152,140,129,84,73,45,106,84,53,19,28,8,81
Salta,Estatal,60,41,49,45,32,8,11,11,9,11,5,5,50
Salta,Estatal,364,262,261,175,165,46,155,135,62,36,82,15,220
Salta,Estatal,67,37,30,24,16,0,33,34,19,14,34,0,26
Salta,Estatal,331,273,231,176,102,34,201,155,47,50,91,25,129
Salta,Estatal,41,48,38,37,37,9,8,7,9,1,4,0,47
Salta,Estatal,134,158,115,156,104,0,49,35,25,10,43,0,136
San Juan,Estatal,137,109,47,7,13,1,36,27,22,8,14,1,57
San Juan,Estatal,39,26,86,105,71,0,59,33,10,4,7,0,105
San Juan,Estatal,24,28,17,15,16,4,20,17,8,6,10,13,12
San Juan,Estatal,47,43,13,0,0,0,8,6,0,0,0,0,0
San Juan,Estatal,139,136,96,114,109,26,95,84,63,23,45,14,135
San Juan,Estatal,37,20,6,6,0,0,21,14,13,2,0,0,0
San Juan,Estatal,47,59,10,6,18,7,37,8,6,3,4,3,25
San Juan,Estatal,14,19,15,26,15,0,30,12,14,0,18,0,23
San Juan,Estatal,1117,1069,880,892,826,184,599,441,356,218,352,41,1575
San Juan,Privado,727,633,500,591,488,30,183,152,179,118,117,2,908
San Juan,Estatal,75,66,21,8,5,0,36,11,3,2,5,0,10
San Juan,Estatal,177,149,179,167,172,36,184,125,161,51,64,2,396
San Juan,Estatal,4,8,0,0,0,0,16,13,0,0,0,0,0
San Juan,Estatal,287,213,196,138,82,0,245,144,148,76,112,0,191
San Juan,Privado,88,82,78,75,110,42,105,61,49,31,33,16,126
San Juan,Estatal,84,86,59,47,40,53,20,20,9,4,4,0,53
San Juan,Estatal,23,18,18,30,16,25,26,30,17,13,15,1,84
San Juan,Privado,29,15,12,20,21,15,0,0,0,0,0,0,17
San Juan,Privado,170,176,127,154,167,17,97,73,64,53,58,0,276
San Juan,Estatal,48,54,22,34,13,0,8,7,10,6,6,0,29
San Juan,Estatal,114,94,62,53,33,7,41,32,35,18,11,8,68
San Juan,Estatal,95,62,80,70,55,57,45,48,59,37,43,18,154
San Juan,Estatal,106,84,64,59,69,0,126,53,51,17,6,0,120
San Juan,Estatal,114,84,63,50,49,0,136,85,65,37,91,0,90
San Juan,Estatal,41,37,25,31,26,14,88,40,22,12,22,0,64
San Juan,Estatal,419,320,279,330,265,22,426,223,148,49,81,1,436
San Juan,Privado,211,165,122,133,127,0,42,42,36,3,72,0,211
San Juan,Estatal,24,26,14,10,10,0,33,32,23,10,0,0,44
San Juan,Estatal,310,263,194,147,207,8,208,144,98,52,86,1,315
San Juan,Privado,191,185,135,135,111,0,44,33,42,16,26,0,240
San Juan,Estatal,36,39,34,33,27,0,51,47,28,15,16,0,63
San Juan,Estatal,11,5,11,11,20,0,41,24,9,5,0,0,56
San Juan,Estatal,70,66,51,49,45,15,91,73,35,18,17,2,151
San Juan,Privado,44,28,39,28,46,0,12,11,8,5,4,0,68
San Juan,Estatal,169,159,38,26,33,0,35,9,11,5,2,0,41
San Juan,Estatal,71,29,47,62,42,0,97,76,26,6,7,0,64
San Juan,Estatal,36,36,11,9,6,0,4,12,1,3,3,0,7
San Juan,Estatal,31,26,48,45,33,17,26,18,9,8,4,1,97
San Luis,Estatal,22,20,13,9,9,0,0,0,0,0,0,0,9
San Luis,Estatal,113,89,81,84,74,12,52,71,48,14,16,0,53
San Luis,Estatal,55,47,44,25,21,5,7,5,4,3,0,0,33
San Luis,Estatal,54,38,44,31,20,1,12,10,5,2,11,3,22
San Luis,Estatal,130,125,110,86,141,27,40,40,33,20,41,3,187
San Luis,Estatal,81,76,52,42,29,0,29,3,7,0,0,0,38
San Luis,Estatal,70,48,65,51,63,13,35,21,15,13,15,0,52
San Luis,Estatal,43,43,56,93,16,0,14,9,3,2,0,0,16
San Luis,Privado,16,16,15,11,15,0,0,0,0,0,0,0,15
San Luis,Privado,42,28,52,33,37,0,6,3,2,1,8,0,50
San Luis,Estatal,73,54,48,30,35,0,7,2,2,1,0,0,36
San Luis,Estatal,2072,1836,1646,1299,1237,80,439,281,331,211,332,29,1509
San Luis,Privado,492,472,433,487,439,0,20,14,18,19,30,0,572
San Luis,Estatal,309,265,213,215,262,23,5,17,15,2,15,0,212
San Luis,Estatal,1057,878,766,693,688,141,394,233,218,161,137,15,868
San Luis,Privado,213,226,209,185,215,0,2,3,1,0,9,0,265
San Luis,Estatal,68,79,40,65,68,11,8,5,6,2,1,4,81
San Luis,Estatal,42,68,46,42,30,0,19,14,18,5,9,0,33
San Luis,Estatal,60,44,27,39,16,0,17,14,12,8,17,0,31
San Luis,Estatal,209,156,156,143,150,12,56,61,40,21,12,0,190
San Luis,Privado,117,105,74,69,85,0,4,9,3,3,2,0,110
San Luis,Estatal,52,45,32,34,25,0,2,2,7,5,2,0,33
Santa Cruz,Estatal,146,139,150,83,69,0,33,37,35,7,24,0,96
Santa Cruz,Estatal,24,20,15,16,8,0,19,21,5,8,6,0,12
Santa Cruz,Estatal,912,718,619,588,500,189,1089,741,541,286,300,93,663
Santa Cruz,Privado,185,226,164,136,149,0,42,26,21,31,57,0,241
Santa Cruz,Estatal,19,12,10,13,10,0,13,14,3,1,6,0,10
Santa Cruz,Privado,0,0,0,0,0,0,0,0,0,0,0,0,0
Santa Cruz,Privado,45,49,41,41,33,0,1,3,2,0,9,0,44
Santa Cruz,Estatal,11,13,8,9,7,0,2,2,1,0,0,0,14
Santa Cruz,Estatal,1000,886,866,665,428,46,1136,745,590,364,503,91,538
Santa Cruz,Privado,310,259,214,262,200,0,21,27,16,13,84,0,252
Santa Cruz,Estatal,131,103,71,88,65,19,153,83,87,32,56,10,84
Santa Cruz,Privado,45,44,46,34,36,0,15,7,9,0,8,0,55
Santa Cruz,Estatal,70,72,63,48,48,0,136,63,51,22,21,0,58
Santa Cruz,Estatal,78,91,72,64,46,3,116,37,45,25,16,8,40
Santa Cruz,Estatal,37,37,19,20,28,9,80,28,28,7,14,19,28
Santa Fe,Estatal,139,117,132,100,68,0,49,57,65,12,48,0,82
Santa Fe,Estatal,274,196,150,139,90,25,149,133,110,27,62,21,74
Santa Fe,Estatal,15,13,10,12,8,0,0,0,3,0,4,0,8
Santa Fe,Estatal,390,294,328,247,168,38,117,108,81,27,94,12,210
Santa Fe,Privado,153,144,133,112,85,0,10,4,6,4,16,0,92
Santa Fe,Estatal,47,58,43,47,26,0,5,13,3,4,5,0,32
Santa Fe,Estatal,743,623,563,521,325,68,193,154,117,51,161,44,337
Santa Fe,Privado,266,261,263,199,144,38,23,21,21,5,28,23,137
Santa Fe,Estatal,279,299,233,169,115,0,80,72,52,14,73,0,141
Santa Fe,Estatal,1661,1387,1274,1092,681,121,483,497,313,160,289,92,737
Santa Fe,Privado,99,83,97,64,53,18,29,26,28,3,19,7,73
Santa Fe,Privado,494,394,393,368,277,0,44,55,33,11,76,0,349
Santa Fe,Estatal,90,92,86,84,59,0,10,11,15,6,18,0,61
Santa Fe,Estatal,774,674,530,514,362,104,215,184,144,69,155,32,353
Santa Fe,Privado,345,325,278,243,198,26,25,17,24,10,37,24,194
Santa Fe,Privado,184,175,134,121,91,28,50,55,36,21,24,0,105
Santa Fe,Privado,133,125,111,111,42,0,30,29,16,9,40,0,60
Santa Fe,Estatal,40,42,42,19,24,18,22,27,14,4,0,4,18
Santa Fe,Estatal,181,154,129,112,85,32,111,124,87,41,48,33,61
Santa Fe,Estatal,131,137,111,112,68,6,38,46,58,17,22,2,85
Santa Fe,Estatal,1509,1348,1126,950,632,148,597,401,337,129,298,54,621
Santa Fe,Privado,67,55,38,50,44,0,10,6,8,5,13,0,49
Santa Fe,Privado,664,626,585,516,404,10,63,94,51,24,112,12,466
Santa Fe,Estatal,310,299,236,206,127,19,101,120,106,41,64,8,139
Santa Fe,Estatal,1748,1597,1406,1079,723,203,786,694,520,235,366,82,758
Santa Fe,Privado,118,100,126,104,57,0,14,13,24,11,37,0,91
Santa Fe,Privado,546,508,479,492,260,0,71,78,77,35,141,0,323
Santa Fe,Estatal,95,109,78,55,46,8,31,21,29,6,25,0,53
Santa Fe,Estatal,586,500,421,343,244,33,152,137,115,39,73,25,277
Santa Fe,Privado,220,191,188,146,127,10,22,42,24,9,38,9,145
Santa Fe,Estatal,57,61,60,46,21,5,10,14,10,5,16,3,28
Santa Fe,Estatal,4972,4358,3818,3120,2206,497,1971,1682,1084,513,1006,338,2223
Santa Fe,Privado,2966,2868,2557,2324,1564,91,299,316,257,125,521,35,1884
Santa Fe,Estatal,219,223,210,156,120,33,59,44,36,22,53,15,132
Santa Fe,Estatal,765,659,506,454,367,122,253,254,169,73,136,55,345
Santa Fe,Privado,65,92,64,69,55,0,19,7,9,5,21,0,66
Santa Fe,Privado,367,356,313,333,244,3,47,33,43,20,77,2,286
Santa Fe,Estatal,60,61,47,54,35,0,9,11,10,2,24,0,39
Santa Fe,Estatal,8583,7088,5986,4786,3052,522,3680,2702,1764,837,1643,514,2942
Santa Fe,Privado,6707,6179,5518,5076,3181,78,623,603,581,268,1271,118,3995
Santa Fe,Estatal,235,211,157,122,86,5,27,32,22,8,17,2,97
Santa Fe,Estatal,570,492,402,381,198,58,370,234,98,54,123,43,204
Santa Fe,Privado,167,167,161,148,86,0,16,19,21,9,51,0,94
Santa Fe,Estatal,44,51,36,26,19,0,15,13,13,4,9,0,22
Santa Fe,Estatal,284,290,204,181,117,21,264,153,112,48,75,0,141
Santa Fe,Privado,98,93,113,81,28,0,17,10,13,4,17,0,61
Santa Fe,Estatal,174,146,149,101,87,0,51,54,50,16,41,0,98
Santa Fe,Estatal,685,655,489,441,347,92,192,193,124,45,146,49,309
Santa Fe,Privado,153,149,113,107,84,0,14,17,27,11,38,0,90
Santa Fe,Estatal,121,110,96,88,39,6,48,37,34,8,31,0,45
Santa Fe,Estatal,330,319,269,220,144,43,175,136,58,33,63,26,132
Santa Fe,Privado,96,85,88,80,56,0,5,6,6,7,22,0,64
Santa Fe,Estatal,25,25,17,21,15,0,6,2,7,0,3,0,17
Santa Fe,Estatal,1693,1384,1146,916,693,173,723,551,438,165,267,131,581
Santa Fe,Privado,756,735,614,525,356,26,40,55,68,17,118,2,444
Santa Fe,Estatal,107,130,89,74,49,15,29,26,12,4,16,2,69
Santa Fe,Estatal,419,365,323,242,188,61,161,93,90,20,57,30,189
Santa Fe,Privado,278,264,219,201,151,0,63,56,48,20,41,0,172
Santa Fe,Estatal,214,191,172,133,75,0,30,40,45,12,33,0,100
Santa Fe,Estatal,384,306,275,235,168,24,208,175,93,47,61,9,149
Santa Fe,Privado,59,48,49,40,23,0,15,7,6,2,12,0,27
Santa Fe,Privado,235,207,220,205,89,0,27,46,41,17,80,0,111
Santiago del Estero,Estatal,24,13,14,4,11,11,2,3,10,0,0,8,16
Santiago del Estero,Estatal,52,68,50,15,20,0,4,5,1,0,7,0,23
Santiago del Estero,Estatal,87,87,103,91,81,0,55,52,11,14,9,0,99
Santiago del Estero,Estatal,132,98,79,67,39,0,5,1,11,0,0,0,45
Santiago del Estero,Estatal,178,156,127,70,88,0,89,67,56,46,0,0,122
Santiago del Estero,Estatal,347,293,266,203,165,25,173,99,38,32,2,0,209
Santiago del Estero,Estatal,528,446,651,633,511,149,314,304,223,109,23,8,823
Santiago del Estero,Privado,284,260,216,212,167,0,61,92,68,39,39,0,271
Santiago del Estero,Estatal,112,87,92,59,63,20,73,49,41,21,35,11,78
Santiago del Estero,Estatal,1527,1032,898,775,781,203,1335,1042,607,289,113,22,1626
Santiago del Estero,Privado,804,745,729,669,641,0,135,146,206,120,383,0,1190
Santiago del Estero,Estatal,108,143,110,60,66,0,22,9,16,4,24,0,79
Santiago del Estero,Estatal,176,109,102,98,96,37,157,163,79,44,25,1,153
Santiago del Estero,Privado,132,113,105,111,90,0,1,10,8,3,20,0,106
Santiago del Estero,Estatal,82,69,34,32,26,0,4,4,3,3,5,0,41
Santiago del Estero,Estatal,24,12,93,89,76,0,23,27,67,26,0,0,115
Santiago del Estero,Estatal,30,33,34,26,17,0,8,8,5,1,9,0,22
Santiago del Estero,Estatal,337,312,358,257,302,98,236,200,122,46,54,13,384
Santiago del Estero,Privado,121,79,82,66,89,9,39,54,35,38,34,11,194
Santiago del Estero,Privado,409,365,355,317,311,45,110,135,133,74,129,2,500
Santiago del Estero,Estatal,272,250,227,125,150,0,51,57,59,42,6,0,206
Santiago del Estero,Estatal,39,40,53,36,30,0,0,0,0,0,0,0,30
Santiago del Estero,Estatal,241,191,171,160,153,56,189,140,76,31,14,19,227
Santiago del Estero,Estatal,81,75,53,52,22,14,13,20,21,9,13,5,48
Santiago del Estero,Estatal,175,141,75,59,85,0,33,20,17,10,17,0,98
Santiago del Estero,Estatal,106,59,70,61,54,0,9,32,14,11,5,0,67
Santiago del Estero,Estatal,52,38,46,40,96,0,2,5,24,18,27,0,110
Santiago del Estero,Estatal,133,114,102,64,63,0,1,0,0,1,0,0,77
Santiago del Estero,Estatal,74,64,57,62,67,0,16,8,20,1,0,0,111
Santiago del Estero,Estatal,96,100,44,39,42,0,20,15,3,3,20,0,63
Santiago del Estero,Estatal,164,95,101,119,109,33,46,52,48,23,26,7,170
Santiago del Estero,Privado,95,80,73,59,51,0,24,34,29,8,27,0,106
Santiago del Estero,Estatal,22,9,0,0,0,0,0,0,0,0,0,0,0
Santiago del Estero,Estatal,135,132,103,91,78,0,18,28,41,37,0,0,149
Santiago del Estero,Estatal,237,207,106,101,120,0,97,105,32,28,68,0,152
Santiago del Estero,Estatal,34,35,22,17,5,0,5,6,1,0,1,0,7
Santiago del Estero,Estatal,179,153,98,75,66,0,56,57,22,25,18,0,94
Santiago del Estero,Estatal,225,162,112,130,166,29,149,106,103,38,38,0,269
Santiago del Estero,Privado,54,50,43,47,48,0,9,22,10,5,30,0,92
Santiago del Estero,Estatal,0,2,0,2,0,0,0,0,0,0,0,0,0
Santiago del Estero,Estatal,103,88,54,51,47,15,23,23,29,10,0,1,62
Santiago del Estero,Estatal,329,285,249,248,190,48,304,186,106,45,71,2,271
Santiago del Estero,Privado,65,39,50,58,58,12,3,7,3,8,0,0,121
Santiago del Estero,Estatal,150,89,18,29,30,0,19,14,9,3,0,0,93
Santiago del Estero,Estatal,126,92,91,96,64,0,22,18,14,5,9,0,70
Santiago del Estero,Estatal,15,6,0,0,0,0,0,0,0,0,0,0,0
Santiago del Estero,Estatal,102,82,82,77,70,0,32,31,28,18,11,0,76
Tierra del Fuego,Estatal,3,2,3,1,3,0,0,0,0,0,0,0,2
Tierra del Fuego,Estatal,389,339,278,271,272,25,218,190,174,112,272,36,484
Tierra del Fuego,Privado,274,212,194,209,185,36,9,10,11,3,91,2,337
Tierra del Fuego,Estatal,330,325,266,224,256,56,214,100,132,97,181,49,485
Tierra del Fuego,Privado,176,159,142,124,118,0,2,11,7,4,76,0,192
Tucumán,Estatal,371,346,301,257,232,18,218,146,127,81,121,1,303
Tucumán,Estatal,3079,2593,2393,2138,1785,263,2069,1497,1326,791,1243,153,2910
Tucumán,Privado,2092,1926,1915,1808,1815,58,456,378,352,249,708,2,2870
Tucumán,Estatal,160,181,127,92,104,6,86,44,16,17,28,4,130
Tucumán,Estatal,587,542,443,459,349,64,324,239,206,118,87,51,465
Tucumán,Privado,169,137,99,151,137,0,11,9,7,4,14,0,224
Tucumán,Estatal,202,213,164,139,109,6,105,45,48,21,35,2,142
Tucumán,Estatal,889,711,659,572,366,94,640,485,319,204,324,40,636
Tucumán,Privado,395,310,323,382,320,32,97,61,59,16,135,40,442
Tucumán,Estatal,198,204,155,154,108,104,55,44,38,30,21,23,168
Tucumán,Privado,93,87,82,73,64,7,20,24,9,5,30,0,120
Tucumán,Privado,89,79,70,62,84,0,18,21,27,8,20,0,117
Tucumán,Estatal,95,79,57,52,60,47,49,40,10,14,4,4,93
Tucumán,Estatal,180,176,171,151,114,17,123,97,59,47,73,21,122
Tucumán,Privado,27,26,17,13,24,0,5,5,1,1,17,0,40
Tucumán,Estatal,114,97,73,60,48,0,13,10,22,8,10,0,55
Tucumán,Estatal,58,60,48,51,51,0,9,8,12,1,20,0,91
Tucumán,Estatal,93,69,70,62,34,18,57,29,28,21,12,1,56
Tucumán,Estatal,191,167,149,175,145,69,103,85,72,33,28,24,276
Tucumán,Privado,49,30,45,45,34,0,0,3,0,0,3,0,47
Tucumán,Estatal,164,135,137,134,99,14,78,76,36,30,36,7,121
Tucumán,Estatal,424,366,344,291,222,32,132,118,86,51,137,14,300
Tucumán,Estatal,125,89,128,81,87,30,149,131,87,77,42,14,124
Tucumán,Privado,64,63,48,48,62,15,19,2,15,4,0,0,104
Tucumán,Estatal,73,64,45,43,28,0,65,45,29,31,37,0,46
Tucumán,Estatal,262,228,240,242,155,64,281,168,148,88,172,29,274
Tucumán,Privado,120,131,129,115,125,27,42,23,27,20,24,10,224
Tucumán,Estatal,92,74,78,61,57,0,43,28,30,15,7,0,67
Tucumán,Estatal,663,571,525,475,404,115,330,186,193,93,151,31,467
Tucumán,Estatal,54,63,31,23,31,0,30,26,16,13,7,0,51
Tucumán,Estatal,490,372,389,379,302,115,270,268,198,89,82,5,405
Tucumán,Privado,53,52,51,47,35,0,5,3,1,5,14,0,76
Tucumán,Estatal,223,193,209,188,185,0,85,55,46,22,51,0,212
Tucumán,Estatal,92,71,82,85,77,0,35,27,25,10,10,0,94
Tucumán,Privado,55,50,38,47,39,0,1,1,0,0,0,0,48
Tucumán,Estatal,135,132,109,123,85,26,51,30,37,14,25,5,114
Tucumán,Estatal,243,204,184,186,127,4,182,117,76,31,101,0,233
Tucumán,Estatal,490,390,397,392,283,64,389,256,186,98,204,26,442
Tucumán,Privado,160,143,146,141,102,13,54,43,28,35,64,0,151
Tucumán,Estatal,108,75,81,59,54,0,17,11,10,3,9,0,77
Tucumán,Estatal,102,92,74,84,70,20,97,58,53,20,28,2,119
Tucumán,Estatal,48,75,34,36,40,33,64,33,25,15,19,3,62
Tucumán,Estatal,246,210,184,150,123,0,194,138,121,62,73,0,208
Tucumán,Privado,496,441,413,350,360,0,55,45,46,37,77,0,534
